{"p2i_kl": 0.012406308297439966, "p2i_ovl": 0.883514847095706, "t2i_kl": 0.05375259605946944, "t2i_ovl": 0.5474281455316643, "p2t_kl": 0.10814980731015993, "p2t_ovl": 0.570958948325252}