{"p2i_kl": 0.8000868389233109, "p2i_ovl": 0.42569314871369873, "t2i_kl": 0.4473899633870604, "t2i_ovl": 0.34489607241276893, "p2t_kl": 0.08079485981304932, "p2t_ovl": 0.7443835254490364}