{"p2i_kl": 0.1382845093761924, "p2i_ovl": 0.4462019150515665, "t2i_kl": 0.8588802619260505, "t2i_ovl": 0.6614206381166171, "p2t_kl": 0.6074059646080335, "p2t_ovl": 0.4035254136699519}