{"p2i_kl": 0.05770164425237072, "p2i_ovl": 0.8016262636422268, "t2i_kl": 1.085196280942354, "t2i_ovl": 0.8182372214335026, "p2t_kl": 0.5878929928810617, "p2t_ovl": 0.8674713093412488}