{"p2i_kl": 2.791534124107532, "p2i_ovl": 0.21587285951429036, "t2i_kl": 1.5181558867958929, "t2i_ovl": 0.36712036588619706, "p2t_kl": 0.11886897924895917, "p2t_ovl": 0.7598395200632616}