{"p2i_kl": 0.6953997055622068, "p2i_ovl": 0.34794243577995293, "t2i_kl": 0.1839756249336903, "t2i_ovl": 0.5804369128579504, "p2t_kl": 0.21451530901050317, "p2t_ovl": 0.7386655497968906}