{"p2i_kl": 0.11950559208280874, "p2i_ovl": 0.5779370443833315, "t2i_kl": 0.9158383407039814, "t2i_ovl": 0.9291088171410712, "p2t_kl": 2.0295621853891053, "p2t_ovl": 0.5877728561107604}