{"p2i_kl": 0.057054272862153484, "p2i_ovl": 0.6707444373439824, "t2i_kl": 0.04341128405207764, "t2i_ovl": 0.6884536724552341, "p2t_kl": 0.04566902848034495, "p2t_ovl": 0.8351248332102703}