{"p2i_kl": 0.608289281964485, "p2i_ovl": 0.523356957119415, "t2i_kl": 0.02151778285355538, "t2i_ovl": 0.8711301010575666, "p2t_kl": 0.6930818079140266, "p2t_ovl": 0.6168065691468099}