{"p2i_kl": 0.020841032249416518, "p2i_ovl": 0.8913434700883821, "t2i_kl": 0.10389566567167526, "t2i_ovl": 0.8328445555949621, "p2t_kl": 0.07314045067182419, "p2t_ovl": 0.8433074418964619}