{"p2i_kl": 0.04498337889277039, "p2i_ovl": 0.8549451914611738, "t2i_kl": 0.22995023137140194, "t2i_ovl": 0.8961456528537712, "p2t_kl": 0.2812898952548394, "p2t_ovl": 0.837342575049908}