{"p2i_kl": 0.8129458266789616, "p2i_ovl": 0.41727203465398527, "t2i_kl": 0.5515825161623418, "t2i_ovl": 0.33811567965171974, "p2t_kl": 0.0548276868383699, "p2t_ovl": 0.7306964357701824}