{"p2i_kl": 0.008836072641467085, "p2i_ovl": 0.8286890904581355, "t2i_kl": 0.04201710060062599, "t2i_ovl": 0.6154572390000248, "p2t_kl": 0.028619880389157727, "p2t_ovl": 0.7375776672363087}