{"p2i_kl": 0.10870392002429241, "p2i_ovl": 0.7526167079391165, "t2i_kl": 1.4304560881626092, "t2i_ovl": 0.8286612491858196, "p2t_kl": 0.7875745562080543, "p2t_ovl": 0.8617732513854447}