{"p2i_kl": 0.07248092211056102, "p2i_ovl": 0.4099009750659663, "t2i_kl": 0.4775905560864756, "t2i_ovl": 0.647741002605956, "p2t_kl": 0.3797137582783345, "p2t_ovl": 0.3762927266421791}