{"p2i_kl": 2.211611766685184, "p2i_ovl": 0.267069452142317, "t2i_kl": 1.4199354071323536, "t2i_ovl": 0.3754380507569029, "p2t_kl": 0.07280921249408542, "p2t_ovl": 0.7974056748283133}