{"p2i_kl": 0.6131549411051358, "p2i_ovl": 0.39240625146766717, "t2i_kl": 0.18410189712802782, "t2i_ovl": 0.6108769337814823, "p2t_kl": 0.15070081145872571, "p2t_ovl": 0.7564244027048804}