{"p2i_kl": 0.04589796779003519, "p2i_ovl": 0.6755752308378357, "t2i_kl": 0.051747386524331834, "t2i_ovl": 0.7220152710154025, "p2t_kl": 0.08034070136353368, "p2t_ovl": 0.8188322301236307}