{"p2i_kl": 0.09293253046342635, "p2i_ovl": 0.5748129451769592, "t2i_kl": 1.2138019004736362, "t2i_ovl": 0.9247891653326955, "p2t_kl": 2.402631600762139, "p2t_ovl": 0.5630596094756382}