{"p2i_kl": 0.021864899369107408, "p2i_ovl": 0.8683745339820013, "t2i_kl": 0.046605374342040165, "t2i_ovl": 0.8169144115864027, "p2t_kl": 0.04129767311404135, "p2t_ovl": 0.8542599021324844}