{"p2i_kl": 0.2059297279350045, "p2i_ovl": 0.6164271043131939, "t2i_kl": 0.013293635770232789, "t2i_ovl": 0.8945098593367905, "p2t_kl": 0.22964356190619908, "p2t_ovl": 0.6901257667468633}