{"p2i_kl": 0.06515088924638857, "p2i_ovl": 0.8306232498364428, "t2i_kl": 0.360549223314969, "t2i_ovl": 0.880059141491135, "p2t_kl": 0.42805874799262084, "p2t_ovl": 0.7801769879318142}