{"p2i_kl": 0.004148239909990418, "p2i_ovl": 0.7316537182702147, "t2i_kl": 0.020490473171738723, "t2i_ovl": 0.9126417802902836, "p2t_kl": 0.015113456174944369, "p2t_ovl": 0.6797453333973483}