{"p2i_kl": 0.45101801298606226, "p2i_ovl": 0.5274453415344985, "t2i_kl": 0.38280134221226503, "t2i_ovl": 0.6115426211299235, "p2t_kl": 0.35735981735278916, "p2t_ovl": 0.8044954285925864}