{"p2i_kl": 0.2660113988725106, "p2i_ovl": 0.6900435958355163, "t2i_kl": 0.16818011612441866, "t2i_ovl": 0.8649296688071149, "p2t_kl": 1.2867884117459063, "p2t_ovl": 0.7878006344106171}