{"p2i_kl": 0.00429626678588951, "p2i_ovl": 0.9211482088705417, "t2i_kl": 0.010847369972060646, "t2i_ovl": 0.8906898258496768, "p2t_kl": 0.01223748492999331, "p2t_ovl": 0.893035925986342}