{"p2i_kl": 0.055767141261947956, "p2i_ovl": 0.6108954931447529, "t2i_kl": 0.195942025314958, "t2i_ovl": 0.5794418376895507, "p2t_kl": 0.260182719581484, "p2t_ovl": 0.5232570421832039}