{"p2i_kl": 5.3470439686764095, "p2i_ovl": 0.06306691942866874, "t2i_kl": 2.9852480731150317, "t2i_ovl": 0.12450063808576459, "p2t_kl": 0.6435127971170084, "p2t_ovl": 0.5813386933883827}