{"p2i_kl": 0.6918487455679597, "p2i_ovl": 0.3955666398291188, "t2i_kl": 0.15224671124763944, "t2i_ovl": 0.48332438158197044, "p2t_kl": 0.2796009228624448, "p2t_ovl": 0.8131851208312755}