{"p2i_kl": 0.49342409645169977, "p2i_ovl": 0.6500200001212877, "t2i_kl": 0.5113108261688137, "t2i_ovl": 0.7793452342436652, "p2t_kl": 0.1168210085448877, "p2t_ovl": 0.45824275378469725}