{"p2i_kl": 0.0463154451107527, "p2i_ovl": 0.7448925111829579, "t2i_kl": 0.04900139103945385, "t2i_ovl": 0.5410731337269371, "p2t_kl": 0.13172914816191106, "p2t_ovl": 0.6714371357274613}