{"p2i_kl": 0.06233527956560681, "p2i_ovl": 0.7656513182493836, "t2i_kl": 0.29771991908211604, "t2i_ovl": 0.8434202891495814, "p2t_kl": 0.6273173727276858, "p2t_ovl": 0.6154733510938729}