{"p2i_kl": 0.0038353844168961815, "p2i_ovl": 0.9286451460995578, "t2i_kl": 0.004488940562669377, "t2i_ovl": 0.9349854321061883, "p2t_kl": 0.008820364989821604, "p2t_ovl": 0.9112632046156922}