{"p2i_kl": 0.02199470331970404, "p2i_ovl": 0.682360486360662, "t2i_kl": 0.0405362389878576, "t2i_ovl": 0.7413668017492228, "p2t_kl": 0.004066166064706896, "p2t_ovl": 0.9049042423420982}