{"p2i_kl": 0.019411694123553945, "p2i_ovl": 0.854408490047236, "t2i_kl": 0.04821674145201699, "t2i_ovl": 0.6327388908449065, "p2t_kl": 0.10392492241099494, "p2t_ovl": 0.6890593499590566}