{"p2i_kl": 0.6575271147318656, "p2i_ovl": 0.48311532917885147, "t2i_kl": 0.4582923962148274, "t2i_ovl": 0.33600324241373586, "p2t_kl": 0.08797902794223682, "p2t_ovl": 0.6788069699903495}