{"p2i_kl": 0.1751930255648207, "p2i_ovl": 0.4260419493847736, "t2i_kl": 0.4177460282917906, "t2i_ovl": 0.6681942671263534, "p2t_kl": 0.5126810711187209, "p2t_ovl": 0.37188933558970616}