{"p2i_kl": 0.028089547485375767, "p2i_ovl": 0.850502412548121, "t2i_kl": 0.31945224870763334, "t2i_ovl": 0.8221948164769485, "p2t_kl": 0.2916707409678317, "p2t_ovl": 0.8477522949712554}