{"p2i_kl": 0.48906845818893996, "p2i_ovl": 0.37341903489468203, "t2i_kl": 0.1742502252189285, "t2i_ovl": 0.5655391714852348, "p2t_kl": 0.10090333174085508, "p2t_ovl": 0.7801282264922027}