{"p2i_kl": 1.4392026565297096, "p2i_ovl": 0.24935820548351362, "t2i_kl": 0.7310773762302762, "t2i_ovl": 0.3541326785382025, "p2t_kl": 0.14759446121572062, "p2t_ovl": 0.7389355886551019}