{"p2i_kl": 0.07978289873745657, "p2i_ovl": 0.668819587312795, "t2i_kl": 0.26102841353428236, "t2i_ovl": 0.933924426154584, "p2t_kl": 0.7262228165499203, "p2t_ovl": 0.6447225015638839}