{"p2i_kl": 0.03331445351555266, "p2i_ovl": 0.7773135351520111, "t2i_kl": 0.016434812216882855, "t2i_ovl": 0.7681364161909271, "p2t_kl": 0.04383506717394317, "p2t_ovl": 0.7993099658127101}