{"p2i_kl": 0.27223555861722004, "p2i_ovl": 0.6386716015364767, "t2i_kl": 0.031165452238205077, "t2i_ovl": 0.919412905894076, "p2t_kl": 0.438546723239386, "p2t_ovl": 0.6821513947998002}