{"p2i_kl": 0.02402789078682288, "p2i_ovl": 0.8580645834444718, "t2i_kl": 0.03735922973777389, "t2i_ovl": 0.8321059990137533, "p2t_kl": 0.009539211176727243, "p2t_ovl": 0.8847455038096222}