{"p2i_kl": 0.043919404616792994, "p2i_ovl": 0.83924554108999, "t2i_kl": 0.009078747141473342, "t2i_ovl": 0.9186093342237942, "p2t_kl": 0.039908198513438645, "p2t_ovl": 0.8458194478997133}