{"p2i_kl": 0.020851929074552127, "p2i_ovl": 0.8097910968632905, "t2i_kl": 0.45241636909723637, "t2i_ovl": 0.919604896834598, "p2t_kl": 0.9828862291220173, "p2t_ovl": 0.8160213582834656}