{"p2i_kl": 0.0026912128234998813, "p2i_ovl": 0.9316049456510073, "t2i_kl": 0.005723658289222586, "t2i_ovl": 0.918328120682151, "p2t_kl": 0.004988172372606953, "p2t_ovl": 0.896998754619408}