{
    "p2i_kl": [
        0.09126234675926337,
        0.9289248621693165
    ],
    "p2i_ovl": [
        0.006334702252059377,
        0.9950590980645998
    ],
    "t2i_kl": [
        0.8192030352248811,
        0.43006211232199587
    ],
    "t2i_ovl": [
        -1.3897001629513976,
        0.192104224466953
    ],
    "p2t_kl": [
        -1.5913847610933907,
        0.13983022367810732
    ],
    "p2t_ovl": [
        0.7625645451600929,
        0.4617626754201335
    ]
}