{
    "p2i_kl": [
        -0.8501191509667677,
        0.4133800292810085
    ],
    "p2i_ovl": [
        0.348924658936366,
        0.7337332084638482
    ],
    "t2i_kl": [
        0.3085263561939615,
        0.7634461370753705
    ],
    "t2i_ovl": [
        -0.370692997942864,
        0.7179057296158955
    ],
    "p2t_kl": [
        0.28109699193466486,
        0.7838530765403035
    ],
    "p2t_ovl": [
        -0.7832658892943662,
        0.450006332094835
    ]
}