{
    "p2i_kl": [
        2.9244534725971976,
        0.013826906195787709
    ],
    "p2i_ovl": [
        -2.9569768472461506,
        0.01304561859692259
    ],
    "t2i_kl": [
        1.695630454588002,
        0.11803986152082314
    ],
    "t2i_ovl": [
        0.7790650488676659,
        0.4523762473910927
    ],
    "p2t_kl": [
        2.394755923437028,
        0.03556098026198862
    ],
    "p2t_ovl": [
        0.14675568620842935,
        0.8859799695823198
    ]
}