{
    "p2i_kl": [
        -1.6385165920357105,
        0.12957288035093992
    ],
    "p2i_ovl": [
        1.7231640827803993,
        0.11281459328343431
    ],
    "t2i_kl": [
        -3.745901404905211,
        0.003232858312872333
    ],
    "t2i_ovl": [
        3.4869508873962314,
        0.005085798406147201
    ],
    "p2t_kl": [
        -0.5243052334766409,
        0.6104685318204772
    ],
    "p2t_ovl": [
        0.3996194457316043,
        0.6970867866011751
    ]
}