{
    "p2i_kl": [
        0.5097820633847145,
        0.6202763176755464
    ],
    "p2i_ovl": [
        -0.011761806133823976,
        0.9908262629110004
    ],
    "t2i_kl": [
        -1.4199835426312117,
        0.18332811853909578
    ],
    "t2i_ovl": [
        2.1680550887502648,
        0.052956231913467745
    ],
    "p2t_kl": [
        0.8149595262014232,
        0.4323862952497719
    ],
    "p2t_ovl": [
        -0.6358329169866849,
        0.5378891363374876
    ]
}