{
    "p2i_kl": [
        1.5855437101394185,
        0.14114984939234815
    ],
    "p2i_ovl": [
        -1.3726229164229031,
        0.19720678254369275
    ],
    "t2i_kl": [
        0.06805880398566465,
        0.9469601944195933
    ],
    "t2i_ovl": [
        1.8057809638337432,
        0.0983620526120935
    ],
    "p2t_kl": [
        1.477170593194857,
        0.1676786444810044
    ],
    "p2t_ovl": [
        1.4242667929443684,
        0.18211456502438778
    ]
}