{
    "p2i_kl": [
        -0.5500628580037277,
        0.5932694960323311
    ],
    "p2i_ovl": [
        0.6120488354232205,
        0.5529460987257606
    ],
    "t2i_kl": [
        -1.0612706036754322,
        0.3113125109433939
    ],
    "t2i_ovl": [
        -0.4966746871470127,
        0.6291947309424661
    ],
    "p2t_kl": [
        -0.18057288133470953,
        0.8599866671463803
    ],
    "p2t_ovl": [
        -1.5105787585764383,
        0.1590760279488862
    ]
}