{
    "p2i_kl": [
        1.1102016518171243,
        0.29059168417052356
    ],
    "p2i_ovl": [
        -0.3492828916843297,
        0.7334716692008556
    ],
    "t2i_kl": [
        0.17046541438776625,
        0.8677390639724645
    ],
    "t2i_ovl": [
        -0.16993003969231882,
        0.868150107728678
    ],
    "p2t_kl": [
        1.262997414698812,
        0.232705366544389
    ],
    "p2t_ovl": [
        -0.02130836759359893,
        0.9833812817323777
    ]
}