{
    "p2i_kl": [
        -0.8678271460687238,
        0.4040242486211736
    ],
    "p2i_ovl": [
        -1.5860481467064036,
        0.14103545676832413
    ],
    "t2i_kl": [
        0.07731430827403098,
        0.939761887733541
    ],
    "t2i_ovl": [
        1.570016699472545,
        0.14471091000626518
    ],
    "p2t_kl": [
        -0.25914409720836484,
        0.8003096318740873
    ],
    "p2t_ovl": [
        -0.8312840828279497,
        0.4234907221679095
    ]
}