{
    "p2i_kl": [
        0.720183412716558,
        0.4864339138303613
    ],
    "p2i_ovl": [
        -0.7460178740884204,
        0.47129905431316377
    ],
    "t2i_kl": [
        0.12488401453107723,
        0.9028684179014984
    ],
    "t2i_ovl": [
        -2.161056738079018,
        0.053605583349454713
    ],
    "p2t_kl": [
        0.2606659943664125,
        0.7991653962449994
    ],
    "p2t_ovl": [
        -0.38981340278326976,
        0.7041163285647747
    ]
}