{
    "p2i_kl": [
        -2.5788867831360713,
        0.02564112558209037
    ],
    "p2i_ovl": [
        -1.9646832195877864,
        0.07521119227944625
    ],
    "t2i_kl": [
        -1.453390833408046,
        0.1740420467486467
    ],
    "t2i_ovl": [
        2.25913837129458,
        0.04516028458887511
    ],
    "p2t_kl": [
        -1.4412080631519655,
        0.17738107374257045
    ],
    "p2t_ovl": [
        -0.9604052791339012,
        0.35748682651835906
    ]
}