{
    "p2i_kl": [
        1.111524379220247,
        0.2900465602120009
    ],
    "p2i_ovl": [
        2.0947892561698387,
        0.06014029528379476
    ],
    "t2i_kl": [
        0.6064368129293988,
        0.5565330535515088
    ],
    "t2i_ovl": [
        0.19475575567518924,
        0.8491345542507148
    ],
    "p2t_kl": [
        1.1219327498526586,
        0.28578442745304417
    ],
    "p2t_ovl": [
        1.700587224185416,
        0.11708348002343066
    ]
}