{
    "p2i_kl": [
        0.12172543127182736,
        0.9053117143450606
    ],
    "p2i_ovl": [
        0.274865485183054,
        0.7885135968194992
    ],
    "t2i_kl": [
        1.0457341647316065,
        0.31811951039833397
    ],
    "t2i_ovl": [
        -2.79201757517068,
        0.01752318717903025
    ],
    "p2t_kl": [
        0.8727220116401936,
        0.40146379341878125
    ],
    "p2t_ovl": [
        -3.6393538288525513,
        0.0038924722660855825
    ]
}