{
    "p2i_kl": [
        -0.45508084638954716,
        0.6579017039537742
    ],
    "p2i_ovl": [
        -0.17180887984730792,
        0.8667077736732652
    ],
    "t2i_kl": [
        -1.8884105120927925,
        0.08561205622085113
    ],
    "t2i_ovl": [
        0.8909189443008281,
        0.3920428454879583
    ],
    "p2t_kl": [
        -1.234904980045535,
        0.2425937662458346
    ],
    "p2t_ovl": [
        -1.777871722852916,
        0.10304512585660087
    ]
}