{
    "p2i_kl": [
        -1.3160977279675623,
        0.214907371461761
    ],
    "p2i_ovl": [
        1.620214653192688,
        0.13347434205499817
    ],
    "t2i_kl": [
        0.46013037802963574,
        0.6543845193349594
    ],
    "t2i_ovl": [
        0.61752001867141,
        0.5494616516580806
    ],
    "p2t_kl": [
        0.4191624443640483,
        0.683165950448277
    ],
    "p2t_ovl": [
        0.5985133913548876,
        0.561619316567646
    ]
}