{
    "p2i_kl": [
        0.5938241276972583,
        0.5646415301695806
    ],
    "p2i_ovl": [
        -0.2790083013534532,
        0.7854142248104217
    ],
    "t2i_kl": [
        -0.017042298578076594,
        0.9867080581448988
    ],
    "t2i_ovl": [
        -1.2809468734849816,
        0.226559687520981
    ],
    "p2t_kl": [
        -0.12240976131023157,
        0.9047822686375121
    ],
    "p2t_ovl": [
        -0.44994998080858634,
        0.661484415480337
    ]
}