{
    "p2i_kl": [
        0.30347129482835217,
        0.7671934675569452
    ],
    "p2i_ovl": [
        -1.3728537073369205,
        0.1971370764569711
    ],
    "t2i_kl": [
        -0.9108539047556121,
        0.38189899531297544
    ],
    "t2i_ovl": [
        0.1279369569205047,
        0.9005078364208654
    ],
    "p2t_kl": [
        0.7325671361548826,
        0.47914183477870376
    ],
    "p2t_ovl": [
        -0.8451854160652823,
        0.41601259794126066
    ]
}