{
    "p2i_kl": [
        0.6805414084005632,
        0.5102323103855715
    ],
    "p2i_ovl": [
        0.5695280233746951,
        0.5804420323914896
    ],
    "t2i_kl": [
        0.47973470475800756,
        0.6408128139451941
    ],
    "t2i_ovl": [
        -0.687331339724981,
        0.5061072462472569
    ],
    "p2t_kl": [
        0.7243241411599357,
        0.48398807547289036
    ],
    "p2t_ovl": [
        -0.6801443233321242,
        0.5104741700660227
    ]
}