{
    "p2i_kl": [
        1.77416522400811,
        0.10368204454738976
    ],
    "p2i_ovl": [
        -0.9428512035958168,
        0.36600429861149375
    ],
    "t2i_kl": [
        0.21945608192748012,
        0.8303139527011492
    ],
    "t2i_ovl": [
        -1.4821714976050733,
        0.16636604281066822
    ],
    "p2t_kl": [
        2.114151341349761,
        0.05815687263464651
    ],
    "p2t_ovl": [
        -2.000793200734073,
        0.0707077939982208
    ]
}