{
    "p2i_kl": [
        0.711159042371522,
        0.49179075793833504
    ],
    "p2i_ovl": [
        -0.028055798722953183,
        0.97812018303307
    ],
    "t2i_kl": [
        0.5819870191228963,
        0.5723100407557056
    ],
    "t2i_ovl": [
        -1.1679433628107088,
        0.2675210796270932
    ],
    "p2t_kl": [
        -0.06369339196078766,
        0.9503570747902497
    ],
    "p2t_ovl": [
        0.5232046872795928,
        0.6112089986306006
    ]
}