{
    "p2i_kl": [
        1.252718889244536,
        0.23628493380665253
    ],
    "p2i_ovl": [
        -1.4238833265564805,
        0.18222293329887462
    ],
    "t2i_kl": [
        0.8850366993297062,
        0.3950713628472524
    ],
    "t2i_ovl": [
        -3.862759631892992,
        0.0026407047060880676
    ],
    "p2t_kl": [
        1.2136725549622673,
        0.250288914851103
    ],
    "p2t_ovl": [
        -0.11740385783684357,
        0.9086562855874946
    ]
}