{
    "p2i_kl": [
        -0.3248511357570349,
        0.7513881249862668
    ],
    "p2i_ovl": [
        -0.9096406642942262,
        0.382511059693191
    ],
    "t2i_kl": [
        -3.4305741913695105,
        0.005617358003828185
    ],
    "t2i_ovl": [
        -4.891502465933399,
        0.00047804204018759894
    ],
    "p2t_kl": [
        3.3162629572458613,
        0.006876714477699253
    ],
    "p2t_ovl": [
        -3.520498279917507,
        0.00479425354808619
    ]
}