{
    "p2i_kl": [
        -1.0719362619449755,
        0.3067033542280705
    ],
    "p2i_ovl": [
        -1.7619723671968643,
        0.10580246486037527
    ],
    "t2i_kl": [
        -1.419638534357725,
        0.18342616477602267
    ],
    "t2i_ovl": [
        0.2736616282873794,
        0.7894149600911395
    ],
    "p2t_kl": [
        -0.1833112328198403,
        0.8578889721464655
    ],
    "p2t_ovl": [
        -0.12015989946968657,
        0.9065230998009446
    ]
}