{
    "p2i_kl": [
        1.673276740132205,
        0.12244013562642886
    ],
    "p2i_ovl": [
        -1.817392964195457,
        0.09647125704239802
    ],
    "t2i_kl": [
        -0.10927080639602461,
        0.9149556147097626
    ],
    "t2i_ovl": [
        -1.7898267059239974,
        0.10101489049611805
    ],
    "p2t_kl": [
        0.42609959573344847,
        0.678253577882955
    ],
    "p2t_ovl": [
        -0.9082180092715313,
        0.38322964453091435
    ]
}