{
    "p2i_kl": [
        1.6349820937880568,
        0.13031838636847218
    ],
    "p2i_ovl": [
        0.4678585900727593,
        0.6490184752139052
    ],
    "t2i_kl": [
        0.6151620653271339,
        0.5509618518450904
    ],
    "t2i_ovl": [
        1.2898252122716523,
        0.2235689913714456
    ],
    "p2t_kl": [
        1.0642979947348414,
        0.3099989560110051
    ],
    "p2t_ovl": [
        0.82075402129446,
        0.42921470134529727
    ]
}