{
    "p2i_kl": [
        2.461969212758733,
        0.03156824136252452
    ],
    "p2i_ovl": [
        -4.418094192517977,
        0.0010317679237292871
    ],
    "t2i_kl": [
        1.6316771860788355,
        0.13101889548216797
    ],
    "t2i_ovl": [
        -0.7312743546143357,
        0.47989988663826233
    ],
    "p2t_kl": [
        2.3764827655923804,
        0.036728722837775604
    ],
    "p2t_ovl": [
        -4.839186622332051,
        0.0005196692805627695
    ]
}