{
    "p2i_kl": [
        1.0782804463565963,
        0.3039862791405111
    ],
    "p2i_ovl": [
        0.04896120909977269,
        0.9618278970376252
    ],
    "t2i_kl": [
        -0.891229655075552,
        0.3918833215294101
    ],
    "t2i_ovl": [
        0.37428835370808433,
        0.7153045976104371
    ],
    "p2t_kl": [
        -1.6452282610203275,
        0.12816761897383544
    ],
    "p2t_ovl": [
        -0.5737745089534969,
        0.5776634148473441
    ]
}