{
    "p2i_kl": [
        0.9537060305211591,
        0.36072047064486634
    ],
    "p2i_ovl": [
        -1.9305841162712438,
        0.07970733560342887
    ],
    "t2i_kl": [
        -0.41760948538653114,
        0.6842677514100132
    ],
    "t2i_ovl": [
        -1.5943247889394077,
        0.13917010725914847
    ],
    "p2t_kl": [
        -1.3950102635598152,
        0.19054032736892565
    ],
    "p2t_ovl": [
        1.2649445371171144,
        0.23203223328797792
    ]
}