{
    "p2i_kl": [
        -0.25624466656877176,
        0.8024909157587943
    ],
    "p2i_ovl": [
        0.39752703917655063,
        0.6985842843919027
    ],
    "t2i_kl": [
        -0.051996219764067715,
        0.9594639393864506
    ],
    "t2i_ovl": [
        -1.6362747437269263,
        0.1300452982167451
    ],
    "p2t_kl": [
        -0.1765110848185096,
        0.863100251495742
    ],
    "p2t_ovl": [
        0.01274925924949567,
        0.9900561328397621
    ]
}