{
    "p2i_kl": [
        1.3511446899196815,
        0.20378439718715072
    ],
    "p2i_ovl": [
        -2.190711887262426,
        0.05090495218173853
    ],
    "t2i_kl": [
        -0.33884164309500825,
        0.7411089915865604
    ],
    "t2i_ovl": [
        -1.8635506157948056,
        0.0892788468801625
    ],
    "p2t_kl": [
        -0.7426496122162487,
        0.47325539067690015
    ],
    "p2t_ovl": [
        1.495400488870045,
        0.16293619888686497
    ]
}