{
    "p2i_kl": [
        0.08533910439907964,
        0.9335252627437055
    ],
    "p2i_ovl": [
        -0.012042797785045089,
        0.9906071121148983
    ],
    "t2i_kl": [
        -1.2509919138846344,
        0.23689070185707026
    ],
    "t2i_ovl": [
        0.009557269000944592,
        0.9925456497666019
    ],
    "p2t_kl": [
        0.5980844241159057,
        0.5618954131675714
    ],
    "p2t_ovl": [
        -0.5339513291914003,
        0.6039979924929805
    ]
}