{
    "p2i_kl": [
        2.529458086947666,
        0.028000390500015668
    ],
    "p2i_ovl": [
        -2.914163728855875,
        0.014083742033148341
    ],
    "t2i_kl": [
        1.0889355177828475,
        0.29946405119525826
    ],
    "t2i_ovl": [
        0.15256817143827117,
        0.8815013535811366
    ],
    "p2t_kl": [
        1.5361460227380384,
        0.15275205904712227
    ],
    "p2t_ovl": [
        -1.832912911413085,
        0.09399585651532845
    ]
}