{
    "p2i_kl": [
        0.31925497666481295,
        0.7555140206956931
    ],
    "p2i_ovl": [
        -0.3203185991144269,
        0.7547292232543492
    ],
    "t2i_kl": [
        0.21553023361262974,
        0.833298200475551
    ],
    "t2i_ovl": [
        -1.1516689663580189,
        0.2738739259196593
    ],
    "p2t_kl": [
        0.3531362974924575,
        0.7306606059313643
    ],
    "p2t_ovl": [
        0.47489694785994485,
        0.6441494432619848
    ]
}