{
    "p2i_kl": [
        0.08057167206740701,
        0.9372298312642463
    ],
    "p2i_ovl": [
        -2.844987474864321,
        0.015939020154025246
    ],
    "t2i_kl": [
        -2.667306264210951,
        0.021899106472994364
    ],
    "t2i_ovl": [
        -1.7791026495792541,
        0.1028343907167587
    ],
    "p2t_kl": [
        -0.7715132468006987,
        0.4566568074606182
    ],
    "p2t_ovl": [
        0.2126794659529554,
        0.8354669444326823
    ]
}