{
    "p2i_kl": [
        -0.3098761997046079,
        0.7624465591140782
    ],
    "p2i_ovl": [
        0.1368371769578666,
        0.8936318669352519
    ],
    "t2i_kl": [
        0.13477508312649966,
        0.8952241717206598
    ],
    "t2i_ovl": [
        -0.6861272076601569,
        0.5068373256647846
    ],
    "p2t_kl": [
        0.008140736868001213,
        0.9936504685210509
    ],
    "p2t_ovl": [
        0.48944675207794586,
        0.6341393671984039
    ]
}