{
    "p2i_kl": [
        2.153591882714004,
        0.05430655935469018
    ],
    "p2i_ovl": [
        -3.264288012126773,
        0.007541311818968168
    ],
    "t2i_kl": [
        0.7773215122746944,
        0.4533622275762267
    ],
    "t2i_ovl": [
        0.5521195474412205,
        0.5919071611139786
    ],
    "p2t_kl": [
        0.5667081411266417,
        0.5822911170766178
    ],
    "p2t_ovl": [
        -0.059263377972441904,
        0.9538052769744902
    ]
}