{
    "p2i_kl": [
        1.819305607637632,
        0.0961630146719734
    ],
    "p2i_ovl": [
        -3.189858824119068,
        0.008608698257736426
    ],
    "t2i_kl": [
        -1.1548065235826264,
        0.2726400780478535
    ],
    "t2i_ovl": [
        0.1887820134895473,
        0.8537015636725287
    ],
    "p2t_kl": [
        1.5357091651162955,
        0.15285825823087104
    ],
    "p2t_ovl": [
        -3.730825601576508,
        0.0033186929464363115
    ]
}