{
    "p2i_kl": [
        1.1060863877268747,
        0.29229269918199796
    ],
    "p2i_ovl": [
        -0.5656908050047635,
        0.5829589860483086
    ],
    "t2i_kl": [
        -0.2649023661744045,
        0.7959828871080504
    ],
    "t2i_ovl": [
        -0.7208100742863549,
        0.4860632693334046
    ],
    "p2t_kl": [
        1.0713146983366613,
        0.306970540677565
    ],
    "p2t_ovl": [
        -0.7365169606712002,
        0.4768303911253219
    ]
}