{
    "p2i_kl": [
        0.4042163567939938,
        0.6938015940614615
    ],
    "p2i_ovl": [
        0.12897013005693928,
        0.8997091974739949
    ],
    "t2i_kl": [
        -1.8589307474369856,
        0.08997595495298626
    ],
    "t2i_ovl": [
        0.4272537243117532,
        0.6774378144938924
    ],
    "p2t_kl": [
        -3.334005209041466,
        0.006663780416869076
    ],
    "p2t_ovl": [
        3.2918109669904934,
        0.007181604108870175
    ]
}