{
    "p2i_kl": [
        0.2728664732366215,
        0.7900104927603077
    ],
    "p2i_ovl": [
        0.03544531400893178,
        0.9723596950309947
    ],
    "t2i_kl": [
        0.3698805873630066,
        0.7184940030979534
    ],
    "t2i_ovl": [
        -0.017451937633635617,
        0.9863885999122483
    ],
    "p2t_kl": [
        0.4402205594859392,
        0.6683024418879158
    ],
    "p2t_ovl": [
        0.6774981509283261,
        0.5120876671141223
    ]
}