{
    "p2i_kl": [
        5.240498380952871,
        0.0002766099465625987
    ],
    "p2i_ovl": [
        -5.040582074452787,
        0.0003776200663891233
    ],
    "t2i_kl": [
        -0.3137285483387288,
        0.7595963331546333
    ],
    "t2i_ovl": [
        -2.7596014876839425,
        0.018569099455592146
    ],
    "p2t_kl": [
        3.2853931842647333,
        0.007263886511065773
    ],
    "p2t_ovl": [
        -3.9092587705093735,
        0.002437439848121209
    ]
}