{
    "p2i_kl": [
        1.62502626869027,
        0.13243871855012584
    ],
    "p2i_ovl": [
        -1.7793881276659904,
        0.10278557257510162
    ],
    "t2i_kl": [
        -0.5090098520746701,
        0.6207999958487158
    ],
    "t2i_ovl": [
        -0.39236804683850424,
        0.7022821964557069
    ],
    "p2t_kl": [
        -0.3216456092097945,
        0.7537504895614078
    ],
    "p2t_ovl": [
        0.007769829211650704,
        0.9939397589063972
    ]
}