{
    "p2i_kl": [
        -0.3959717492356427,
        0.6996982460922794
    ],
    "p2i_ovl": [
        0.4956574573691062,
        0.6298894800504717
    ],
    "t2i_kl": [
        1.5082488840689374,
        0.15966339718753705
    ],
    "t2i_ovl": [
        1.115606155322289,
        0.2883693240171122
    ],
    "p2t_kl": [
        0.03818327622080924,
        0.9702257193499373
    ],
    "p2t_ovl": [
        0.30056994949399984,
        0.7693470599027558
    ]
}