{
    "p2i_kl": [
        -0.41526501316157355,
        0.6859325725291934
    ],
    "p2i_ovl": [
        1.4861116393348537,
        0.16533807465812544
    ],
    "t2i_kl": [
        0.5438454704918431,
        0.5973977849997449
    ],
    "t2i_ovl": [
        -0.14487690301142495,
        0.887428500783608
    ],
    "p2t_kl": [
        -1.0522960409453852,
        0.31523107837421815
    ],
    "p2t_ovl": [
        -0.14668913609524167,
        0.8860312719468215
    ]
}