{"p2i_kl": 0.01932868536235873, "p2i_ovl": 0.7446672102781368, "t2i_kl": 0.002052263848971361, "t2i_ovl": 0.8652521539747892, "p2t_kl": 0.023597287870035594, "p2t_ovl": 0.6433453677617248}