{"p2i_kl": 0.4522748332639109, "p2i_ovl": 0.5072578992035708, "t2i_kl": 0.21211452425765243, "t2i_ovl": 0.5827027834164158, "p2t_kl": 0.20404089810883413, "p2t_ovl": 0.8096389542739179}