{"p2i_kl": 0.009364226631419843, "p2i_ovl": 0.9132861552470967, "t2i_kl": 0.01425428771460456, "t2i_ovl": 0.920166644906728, "p2t_kl": 0.047423860132771556, "p2t_ovl": 0.9023976233413901}