{"p2i_kl": 0.05171826472642299, "p2i_ovl": 0.6125790318868449, "t2i_kl": 0.21823910455968254, "t2i_ovl": 0.5759578512700031, "p2t_kl": 0.2982322368207282, "p2t_ovl": 0.5165103527019502}