{"p2i_kl": 0.006244938583784641, "p2i_ovl": 0.7247643363576494, "t2i_kl": 0.2902100888842205, "t2i_ovl": 0.8818410494750414, "p2t_kl": 0.37751498940025596, "p2t_ovl": 0.8318453109622566}