{"p2i_kl": 6.1007269631811045, "p2i_ovl": 0.04116325779796026, "t2i_kl": 2.8542997151272487, "t2i_ovl": 0.1201555594741545, "p2t_kl": 0.7185431343850507, "p2t_ovl": 0.543931901398849}