{"p2i_kl": 0.5573554058070352, "p2i_ovl": 0.4178344346713463, "t2i_kl": 0.11036270817168367, "t2i_ovl": 0.5348511251333081, "p2t_kl": 0.25523319669782457, "p2t_ovl": 0.7838585366967772}