{"p2i_kl": 0.029915118800896298, "p2i_ovl": 0.8037204509524687, "t2i_kl": 0.07823488727224112, "t2i_ovl": 0.6232538752748893, "p2t_kl": 0.12732568493793683, "p2t_ovl": 0.7027257448426665}