{"p2i_kl": 0.5104201615611642, "p2i_ovl": 0.6214928211769692, "t2i_kl": 0.5930072166250864, "t2i_ovl": 0.7707192545663415, "p2t_kl": 0.1589375063614411, "p2t_ovl": 0.44439784638694896}