{"p2i_kl": 0.02802604646954559, "p2i_ovl": 0.7926132941109435, "t2i_kl": 0.2899736004496235, "t2i_ovl": 0.855941847775559, "p2t_kl": 0.5807705646481607, "p2t_ovl": 0.6507853157562419}