{"p2i_kl": 0.0018209545773351628, "p2i_ovl": 0.7582560301315231, "t2i_kl": 0.0036184556851138992, "t2i_ovl": 0.8077111078337472, "p2t_kl": 0.0014231862079321419, "p2t_ovl": 0.9098760161416338}