{"p2i_kl": 0.011134192885668935, "p2i_ovl": 0.9172065640642908, "t2i_kl": 0.004959370996275301, "t2i_ovl": 0.9210981948768912, "p2t_kl": 0.02712770301246535, "p2t_ovl": 0.8874765691496446}