{
    "p2i_kl": [
        -0.9253615380039917,
        0.37463320776976294
    ],
    "p2i_ovl": [
        0.8661087219972192,
        0.404925778739207
    ],
    "t2i_kl": [
        1.6231283246270478,
        0.13284637090311008
    ],
    "t2i_ovl": [
        -1.0684698546202667,
        0.3081956746041364
    ],
    "p2t_kl": [
        1.4514429760818075,
        0.17457229202335756
    ],
    "p2t_ovl": [
        -0.9131743169245876,
        0.38073028685997923
    ]
}