{
    "p2i_kl": [
        1.4083358741911374,
        0.1866627768416029
    ],
    "p2i_ovl": [
        -1.4016156949943068,
        0.18860986806433255
    ],
    "t2i_kl": [
        -0.7509714833341282,
        0.4684311884421072
    ],
    "t2i_ovl": [
        0.5013612710167902,
        0.6259987254333972
    ],
    "p2t_kl": [
        -0.6740945414082715,
        0.5141674669247867
    ],
    "p2t_ovl": [
        0.4650239702854519,
        0.6509842866928254
    ]
}