{
    "p2i_kl": [
        0.5541064589614068,
        0.5905926050466814
    ],
    "p2i_ovl": [
        0.199693031266848,
        0.8453642879583849
    ],
    "t2i_kl": [
        -0.7990353148786149,
        0.44118182983209697
    ],
    "t2i_ovl": [
        -0.4196484949976547,
        0.6828212629329791
    ],
    "p2t_kl": [
        -0.4511131867526431,
        0.6606714074467499
    ],
    "p2t_ovl": [
        -0.11717777786923007,
        0.9088313058837715
    ]
}