{
    "p2i_kl": [
        -0.7609236493652484,
        0.46270285706215397
    ],
    "p2i_ovl": [
        -0.3702341624814835,
        0.7182379528825604
    ],
    "t2i_kl": [
        -2.052732861985153,
        0.06467045836310252
    ],
    "t2i_ovl": [
        -0.6630266570429036,
        0.5209651177679628
    ],
    "p2t_kl": [
        -2.3741218098853136,
        0.036882285194454426
    ],
    "p2t_ovl": [
        -0.8250783173289954,
        0.4268578925453581
    ]
}