{
    "p2i_kl": [
        1.3269408023828897,
        0.2114138321567499
    ],
    "p2i_ovl": [
        0.05117769265624942,
        0.960101447794139
    ],
    "t2i_kl": [
        0.42903507014253733,
        0.676179567582947
    ],
    "t2i_ovl": [
        -2.671347000717198,
        0.021741639736456566
    ],
    "p2t_kl": [
        0.8269442915180735,
        0.4258435702135934
    ],
    "p2t_ovl": [
        -0.8539896533534015,
        0.4113226801232637
    ]
}