{
    "p2i_kl": [
        -0.5644757971382635,
        0.5837571581652206
    ],
    "p2i_ovl": [
        -1.6071187458271943,
        0.1363292692814425
    ],
    "t2i_kl": [
        -1.0740073224086115,
        0.3058143528925645
    ],
    "t2i_ovl": [
        -0.19674846925538061,
        0.8476123725555432
    ],
    "p2t_kl": [
        -1.2988503630874353,
        0.22056192260117785
    ],
    "p2t_ovl": [
        -1.236250179341834,
        0.2421126878050323
    ]
}