{
    "p2i_kl": [
        2.230104858677765,
        0.04751763105085038
    ],
    "p2i_ovl": [
        -2.3990543304511314,
        0.0352915707968339
    ],
    "t2i_kl": [
        -1.205266978936256,
        0.2533885476443911
    ],
    "t2i_ovl": [
        0.9184121300225756,
        0.3781014101421655
    ],
    "p2t_kl": [
        -1.2250188217337727,
        0.24615286236724374
    ],
    "p2t_ovl": [
        1.2650973803190364,
        0.23197946115271603
    ]
}