{
    "p2i_kl": [
        1.3764587191781943,
        0.19605091727249543
    ],
    "p2i_ovl": [
        -1.6868161891090283,
        0.1197577854212162
    ],
    "t2i_kl": [
        -1.5380849711016535,
        0.15228147669013853
    ],
    "t2i_ovl": [
        3.4620283473815676,
        0.005314120693373807
    ],
    "p2t_kl": [
        -1.1129124251965012,
        0.2894753616932968
    ],
    "p2t_ovl": [
        1.5300369868801011,
        0.15424297493612127
    ]
}