{
    "p2i_kl": [
        -1.168351637771175,
        0.26736320285170734
    ],
    "p2i_ovl": [
        -0.6074661477515975,
        0.5558741798779778
    ],
    "t2i_kl": [
        0.6479050846937682,
        0.5303372825384088
    ],
    "t2i_ovl": [
        -2.730146300483717,
        0.01957322276908591
    ],
    "p2t_kl": [
        -1.044941337389679,
        0.3184698357552127
    ],
    "p2t_ovl": [
        -1.543394078763013,
        0.15099939020829312
    ]
}