{
    "p2i_kl": [
        -0.155723752920016,
        0.8790717255627432
    ],
    "p2i_ovl": [
        -2.151872484583817,
        0.054469246259733164
    ],
    "t2i_kl": [
        -1.957380911699376,
        0.07615374740554678
    ],
    "t2i_ovl": [
        1.6257612322194348,
        0.13228115526924353
    ],
    "p2t_kl": [
        -1.1726997376072217,
        0.2656863562555808
    ],
    "p2t_ovl": [
        -3.638425928506346,
        0.0038987902957099705
    ]
}