{
    "p2i_kl": [
        0.8306807417749417,
        0.4238173074314622
    ],
    "p2i_ovl": [
        -0.7982773161308125,
        0.441603400934507
    ],
    "t2i_kl": [
        0.2589850446600464,
        0.8004292435376973
    ],
    "t2i_ovl": [
        0.054550867900922846,
        0.9574744485582256
    ],
    "p2t_kl": [
        1.7879071857096545,
        0.10133840503575053
    ],
    "p2t_ovl": [
        0.39451699895138226,
        0.7007408653573949
    ]
}