{
    "p2i_kl": [
        0.6330074779275644,
        0.5396654808806045
    ],
    "p2i_ovl": [
        -1.9310642704717058,
        0.07964233118519878
    ],
    "t2i_kl": [
        -5.089144879736469,
        0.00034993662565547526
    ],
    "t2i_ovl": [
        -1.6416302069313964,
        0.12891927726385435
    ],
    "p2t_kl": [
        -1.6667413269239426,
        0.12375393834688547
    ],
    "p2t_ovl": [
        -0.20296259154341156,
        0.842869760771827
    ]
}