{
    "p2i_kl": [
        1.508623155907599,
        0.15956891610844287
    ],
    "p2i_ovl": [
        -0.031601744230743835,
        0.9753557616613788
    ],
    "t2i_kl": [
        -0.5177036249895559,
        0.6149170031499789
    ],
    "t2i_ovl": [
        -0.14755221556090992,
        0.8853659808902409
    ],
    "p2t_kl": [
        0.3895185550730678,
        0.7043281441859439
    ],
    "p2t_ovl": [
        0.06263388523298201,
        0.9511816721989195
    ]
}