{
    "p2i_kl": [
        1.1202656961727078,
        0.2864638075547501
    ],
    "p2i_ovl": [
        -2.0258428319998636,
        0.06773305035004519
    ],
    "t2i_kl": [
        -1.845921224324554,
        0.09196589969509597
    ],
    "t2i_ovl": [
        1.934656154910038,
        0.07915760826132238
    ],
    "p2t_kl": [
        1.0423230580344707,
        0.3196288180673032
    ],
    "p2t_ovl": [
        0.5023975786054676,
        0.6252930959223846
    ]
}