{
    "p2i_kl": [
        -0.09972148026050523,
        0.9223596545619837
    ],
    "p2i_ovl": [
        0.13866757401777588,
        0.892218883090677
    ],
    "t2i_kl": [
        -0.14793029690344164,
        0.8850745719324405
    ],
    "t2i_ovl": [
        0.8716610955254562,
        0.4020178030421977
    ],
    "p2t_kl": [
        -1.0901449944437147,
        0.29895397507178023
    ],
    "p2t_ovl": [
        -0.28804789333737113,
        0.7786649541538944
    ]
}