{
    "p2i_kl": [
        -0.5900096492540053,
        0.5671065204434739
    ],
    "p2i_ovl": [
        -1.153676949731664,
        0.27308378369839886
    ],
    "t2i_kl": [
        0.4950836396507437,
        0.6302815519056917
    ],
    "t2i_ovl": [
        1.0946535488180862,
        0.29705839790612587
    ],
    "p2t_kl": [
        0.17353950836666315,
        0.8653796656139279
    ],
    "p2t_ovl": [
        -1.309757753479183,
        0.21697194652585167
    ]
}