{
    "p2i_kl": [
        0.7846653970465791,
        0.4492185817842048
    ],
    "p2i_ovl": [
        -1.337469973989241,
        0.20806636357539576
    ],
    "t2i_kl": [
        2.2019692489550127,
        0.04991412371898363
    ],
    "t2i_ovl": [
        -1.4501325393056124,
        0.1749297919777143
    ],
    "p2t_kl": [
        -0.43172090380636247,
        0.6742843899814939
    ],
    "p2t_ovl": [
        0.08315697540438734,
        0.9352207038107871
    ]
}