{
    "p2i_kl": [
        0.20647003437433112,
        0.8401957401524247
    ],
    "p2i_ovl": [
        -0.26226473949173806,
        0.797963912600213
    ],
    "t2i_kl": [
        -0.5025014635073825,
        0.6252223815141251
    ],
    "t2i_ovl": [
        -0.09390097556947549,
        0.9268763823082042
    ],
    "p2t_kl": [
        0.18834776065946432,
        0.8540337765618154
    ],
    "p2t_ovl": [
        -0.3331488288982209,
        0.7452854005962001
    ]
}