{
    "p2i_kl": [
        -0.12187366426391054,
        0.9051970268213713
    ],
    "p2i_ovl": [
        -0.7079043462343911,
        0.49373157396613787
    ],
    "t2i_kl": [
        -1.2793710225957506,
        0.2270939048662911
    ],
    "t2i_ovl": [
        0.9348410490904814,
        0.3699385989851398
    ],
    "p2t_kl": [
        0.742496598295117,
        0.473344384358274
    ],
    "p2t_ovl": [
        -2.6562804182552666,
        0.022334544122873737
    ]
}