{
    "p2i_kl": [
        7.237240868499601,
        1.671097324633469e-05
    ],
    "p2i_ovl": [
        -2.740116444403494,
        0.019227441604834396
    ],
    "t2i_kl": [
        3.708483001764167,
        0.003450255052061245
    ],
    "t2i_ovl": [
        -3.200617502108389,
        0.008445386794303063
    ],
    "p2t_kl": [
        4.603104698329882,
        0.0007610605639060088
    ],
    "p2t_ovl": [
        -4.146428934397634,
        0.0016262489266408654
    ]
}