{
    "p2i_kl": [
        0.7953078107339223,
        0.4432574648889698
    ],
    "p2i_ovl": [
        -1.0174372863849221,
        0.33080177244408915
    ],
    "t2i_kl": [
        0.3309894240703389,
        0.7468718478590368
    ],
    "t2i_ovl": [
        -2.388174336511519,
        0.03597736407316017
    ],
    "p2t_kl": [
        1.6732030211918865,
        0.12245488571183384
    ],
    "p2t_ovl": [
        -1.9455414509604834,
        0.07770528682835327
    ]
}