{
    "p2i_kl": [
        0.7979748940851624,
        0.44177167041944754
    ],
    "p2i_ovl": [
        -1.9417749377629274,
        0.0782049983527169
    ],
    "t2i_kl": [
        -0.3075069368168091,
        0.7642013299210046
    ],
    "t2i_ovl": [
        -2.030499116915321,
        0.06719317523915823
    ],
    "p2t_kl": [
        1.613908866317819,
        0.134842370373509
    ],
    "p2t_ovl": [
        -1.8846666512671302,
        0.08615526309106593
    ]
}