{
    "p2i_kl": [
        0.4219328356957412,
        0.6812023127078584
    ],
    "p2i_ovl": [
        -2.534881082433691,
        0.027731481299260265
    ],
    "t2i_kl": [
        2.160068960994773,
        0.05369784296197234
    ],
    "t2i_ovl": [
        -1.5755541381399838,
        0.14343200975174208
    ],
    "p2t_kl": [
        -0.5530197723644927,
        0.5913113753485579
    ],
    "p2t_ovl": [
        -0.5202338582956264,
        0.6132100895123683
    ]
}