{
    "p2i_kl": [
        4.992239061034682,
        0.0004074883252593863
    ],
    "p2i_ovl": [
        -0.8484258962854816,
        0.41428225445050026
    ],
    "t2i_kl": [
        0.9802860702559142,
        0.348013445944913
    ],
    "t2i_ovl": [
        -3.4891467320216614,
        0.005066170209873471
    ],
    "p2t_kl": [
        4.715299222705133,
        0.0006342466815998891
    ],
    "p2t_ovl": [
        -0.19402119245814606,
        0.8496958302201388
    ]
}