{
    "p2i_kl": [
        1.9731371046230364,
        0.0741335489971363
    ],
    "p2i_ovl": [
        -1.718971924376073,
        0.11359654100241261
    ],
    "t2i_kl": [
        2.0598830276694464,
        0.06387826452811467
    ],
    "t2i_ovl": [
        -4.694169233860481,
        0.0006563103938394102
    ],
    "p2t_kl": [
        -1.2511234928233628,
        0.2368445041330095
    ],
    "p2t_ovl": [
        -2.902097989026243,
        0.014391009165390808
    ]
}