{
    "p2i_kl": [
        1.0211547082213657,
        0.32911465063848333
    ],
    "p2i_ovl": [
        -1.8768470840240399,
        0.08730006755731187
    ],
    "t2i_kl": [
        -3.322502709004527,
        0.006801047579039787
    ],
    "t2i_ovl": [
        -1.6283417500149104,
        0.13172924741536515
    ],
    "p2t_kl": [
        0.40963636315615404,
        0.689936600182629
    ],
    "p2t_ovl": [
        0.38517551681201934,
        0.7074511633088016
    ]
}