{
    "p2i_kl": [
        -1.565366024851827,
        0.1457926907066688
    ],
    "p2i_ovl": [
        0.38502136834515827,
        0.7075621130886529
    ],
    "t2i_kl": [
        -0.9353557140623273,
        0.3696849156722912
    ],
    "t2i_ovl": [
        0.24846143797294526,
        0.8083549956478447
    ],
    "p2t_kl": [
        -1.1384113521705157,
        0.27913556991996696
    ],
    "p2t_ovl": [
        0.428054540779424,
        0.6768720334045163
    ]
}