{
    "p2i_kl": [
        -0.5754856383049252,
        0.5765457882656357
    ],
    "p2i_ovl": [
        1.3540567523636484,
        0.20288204533158238
    ],
    "t2i_kl": [
        1.6228482051448516,
        0.13290663040143116
    ],
    "t2i_ovl": [
        1.2865098829469463,
        0.2246819843401497
    ],
    "p2t_kl": [
        0.8126126622042367,
        0.4336752379658185
    ],
    "p2t_ovl": [
        0.18925757406400548,
        0.8533377834323944
    ]
}