{
    "p2i_kl": [
        -0.5293516733360278,
        0.6070790295306305
    ],
    "p2i_ovl": [
        -1.1809365743958493,
        0.262532475928283
    ],
    "t2i_kl": [
        0.7050978575044636,
        0.4954088692271701
    ],
    "t2i_ovl": [
        -1.5513117865139425,
        0.1491047796332137
    ],
    "p2t_kl": [
        -0.6603298016310959,
        0.5226294414685869
    ],
    "p2t_ovl": [
        -1.2903738294014886,
        0.22338524877256205
    ]
}