{
    "p2i_kl": [
        1.3415287370291409,
        0.20678774048798537
    ],
    "p2i_ovl": [
        -0.2911652844822663,
        0.7763417818081985
    ],
    "t2i_kl": [
        -0.5322914567379584,
        0.6051089183811447
    ],
    "t2i_ovl": [
        0.439376121191113,
        0.6688956810571806
    ],
    "p2t_kl": [
        0.6733302619934117,
        0.514635173828997
    ],
    "p2t_ovl": [
        1.5342459129940005,
        0.15321443830038942
    ]
}