{
    "p2i_kl": [
        -0.32693216705953754,
        0.749855896093796
    ],
    "p2i_ovl": [
        -1.66150899521255,
        0.1248148074742881
    ],
    "t2i_kl": [
        -0.07716483492825964,
        0.9398780952107375
    ],
    "t2i_ovl": [
        -1.007812164722299,
        0.3351996866969038
    ],
    "p2t_kl": [
        -1.029756017116459,
        0.325235426939521
    ],
    "p2t_ovl": [
        -1.2325386870149935,
        0.2434418743782975
    ]
}