{
    "p2i_kl": [
        -1.5678282814995965,
        0.14521907591407965
    ],
    "p2i_ovl": [
        -0.029872252812369035,
        0.9767040344060945
    ],
    "t2i_kl": [
        -0.6123620327369902,
        0.5527462986027823
    ],
    "t2i_ovl": [
        0.04260363499197781,
        0.9667809999895493
    ],
    "p2t_kl": [
        -0.056813376207130305,
        0.955712720339498
    ],
    "p2t_ovl": [
        0.4597780759776623,
        0.6546296280175157
    ]
}