{
    "p2i_kl": [
        0.11454016279172156,
        0.9108735920667513
    ],
    "p2i_ovl": [
        -1.6256138747118951,
        0.1323127328631734
    ],
    "t2i_kl": [
        -0.20296352469669526,
        0.8428690490733266
    ],
    "t2i_ovl": [
        -2.7136861063687734,
        0.02015765244036471
    ],
    "p2t_kl": [
        -0.023962016283926378,
        0.9813120691174955
    ],
    "p2t_ovl": [
        -2.249240920101772,
        0.04595101562209729
    ]
}