{
    "p2i_kl": [
        -1.3416106833509582,
        0.20676199223431818
    ],
    "p2i_ovl": [
        1.6321597962272274,
        0.1309163942165437
    ],
    "t2i_kl": [
        1.2193050513225725,
        0.24822882842269928
    ],
    "t2i_ovl": [
        0.48560244121635965,
        0.6367768982678785
    ],
    "p2t_kl": [
        0.33105963769250324,
        0.7468202447951295
    ],
    "p2t_ovl": [
        0.9820450473244916,
        0.3471841160829393
    ]
}