{
    "p2i_kl": [
        0.2592396580091676,
        0.8002377702305927
    ],
    "p2i_ovl": [
        1.145345467228396,
        0.276373867339823
    ],
    "t2i_kl": [
        -0.8104345497431813,
        0.4348737647799277
    ],
    "t2i_ovl": [
        2.4738724344383325,
        0.03090821377084345
    ],
    "p2t_kl": [
        0.8448834560267591,
        0.4161740854570256
    ],
    "p2t_ovl": [
        0.059922315023012346,
        0.9532923140349616
    ]
}