{
    "p2i_kl": [
        -1.1730716047594432,
        0.2655433296794326
    ],
    "p2i_ovl": [
        0.1456933747283728,
        0.8867989526450036
    ],
    "t2i_kl": [
        0.3611455749128215,
        0.7248310650940107
    ],
    "t2i_ovl": [
        -3.003768403006026,
        0.011998753727340007
    ],
    "p2t_kl": [
        0.24669054599932144,
        0.8096909626647475
    ],
    "p2t_ovl": [
        -1.3456385928123367,
        0.20549965555454286
    ]
}