{
    "p2i_kl": [
        0.9123265297593065,
        0.381156996053314
    ],
    "p2i_ovl": [
        0.5990621426860461,
        0.561266232385143
    ],
    "t2i_kl": [
        -2.5548958112681097,
        0.026760771361124223
    ],
    "t2i_ovl": [
        0.7916335980354301,
        0.4453096466607027
    ],
    "p2t_kl": [
        -2.0693105761848165,
        0.06284769460122155
    ],
    "p2t_ovl": [
        1.0884000442573478,
        0.2996900894099295
    ]
}