{
    "p2i_kl": [
        -1.115499830125612,
        0.288412919149888
    ],
    "p2i_ovl": [
        -0.7755585386809454,
        0.45436060553702884
    ],
    "t2i_kl": [
        1.408560588844535,
        0.18659796198480968
    ],
    "t2i_ovl": [
        -0.20791636545385764,
        0.8390936901436757
    ],
    "p2t_kl": [
        -1.5734532853834626,
        0.14391604503498853
    ],
    "p2t_ovl": [
        -0.8531690067873685,
        0.4117583112754205
    ]
}