{
    "p2i_kl": [
        1.2426268654904253,
        0.23984262564979458
    ],
    "p2i_ovl": [
        -3.3864368639069067,
        0.006073023670285269
    ],
    "t2i_kl": [
        0.07108707127834382,
        0.9446044355017335
    ],
    "t2i_ovl": [
        -0.7593719552440807,
        0.4635930488730994
    ],
    "p2t_kl": [
        1.7205554176219995,
        0.11330060791698301
    ],
    "p2t_ovl": [
        -1.6620197771046041,
        0.12471089024261472
    ]
}