{
    "p2i_kl": [
        1.0772777818019184,
        0.3044144814539089
    ],
    "p2i_ovl": [
        -1.275083478998216,
        0.22855257759109399
    ],
    "t2i_kl": [
        1.259009600503469,
        0.2340889111900067
    ],
    "t2i_ovl": [
        -4.919998501080974,
        0.00045686228957962893
    ],
    "p2t_kl": [
        1.9800051150012157,
        0.07326866132737514
    ],
    "p2t_ovl": [
        -3.7263197360024263,
        0.0033448017384273814
    ]
}