{
    "p2i_kl": [
        1.4235392835144667,
        0.18232020686437986
    ],
    "p2i_ovl": [
        -1.3386249376455468,
        0.20770185412108766
    ],
    "t2i_kl": [
        -0.5440454149284558,
        0.5972647919378646
    ],
    "t2i_ovl": [
        1.1868282426640624,
        0.26029470130187254
    ],
    "p2t_kl": [
        0.5684427190196951,
        0.5811533286150092
    ],
    "p2t_ovl": [
        -4.135538858626025,
        0.001656505183995954
    ]
}