{
    "p2i_kl": [
        -2.143223789271986,
        0.05529461513382921
    ],
    "p2i_ovl": [
        -2.482725472032459,
        0.03042607520446842
    ],
    "t2i_kl": [
        -1.8167929248925887,
        0.09656814503035742
    ],
    "t2i_ovl": [
        -0.8853689719841346,
        0.39489986073142014
    ],
    "p2t_kl": [
        -2.2879268087811315,
        0.04293387478892854
    ],
    "p2t_ovl": [
        -1.858287516601833,
        0.09007340919169628
    ]
}