{
    "p2i_kl": [
        0.8864545190861514,
        0.39433991502572396
    ],
    "p2i_ovl": [
        -3.576879189471614,
        0.004342355404996922
    ],
    "t2i_kl": [
        0.6947128641967217,
        0.501645565300036
    ],
    "t2i_ovl": [
        -1.092516225954245,
        0.2979558688117966
    ],
    "p2t_kl": [
        -0.3755906818477711,
        0.7143633302950568
    ],
    "p2t_ovl": [
        -1.7115044671006656,
        0.11500147336972645
    ]
}