{
    "p2i_kl": [
        1.7110608985808111,
        0.11508541474975402
    ],
    "p2i_ovl": [
        -0.21709147479143984,
        0.8321110860568436
    ],
    "t2i_kl": [
        -0.36516898087014016,
        0.7219094631082628
    ],
    "t2i_ovl": [
        -0.22772782095568664,
        0.8240353533711112
    ],
    "p2t_kl": [
        -0.25592332831421133,
        0.8027327717633479
    ],
    "p2t_ovl": [
        -0.021264928144596115,
        0.9834151552397609
    ]
}