{
    "no_cond": {
        "pitch": 0.09979778587208783,
        "duration": 0.8788444169455891
    },
    "inter_cond": {
        "pitch": 0.07799586407462457,
        "duration": 0.5596315667203459
    },
    "barpos_cond": {
        "pitch": 0.09040368839837076,
        "duration": 0.6807380780760356
    },
    "chord_cond": {
        "pitch": 0.10637275458843728,
        "duration": 0.7429127960067615
    },
    "nxt_chord_cond": {
        "pitch": 0.1057900955564691,
        "duration": 0.6097661314720506
    },
    "chord_nxtchord_cond": {
        "pitch": 0.12796697713270969,
        "duration": 0.7900564692149324
    },
    "chord_inter_cond": {
        "pitch": 0.11510422156072608,
        "duration": 0.5914395980658778
    },
    "chord_nxtchord_inter_cond": {
        "pitch": 0.12909062617349115,
        "duration": 0.5791783698019997
    },
    "chord_barpos_cond": {
        "pitch": 0.13178913296622152,
        "duration": 0.665427454645026
    },
    "chord_nxtchord_barpos_cond": {
        "pitch": 0.13487218879013163,
        "duration": 0.6579349024780885
    },
    "inter_barpos_cond": {
        "pitch": 0.10269062643468208,
        "duration": 0.5971080635755781
    },
    "chord_inter_barpos_cond": {
        "pitch": 0.11978114299671384,
        "duration": 0.5927087186264942
    },
    "chord_nxtchord_inter_barpos_cond": {
        "pitch": 0.1295130531685167,
        "duration": 0.6138541000715202
    }
}