{"p2i_kl": 0.060769888426376706, "p2i_ovl": 0.756338329412625, "t2i_kl": 0.20370941343932852, "t2i_ovl": 0.8728260439720956, "p2t_kl": 0.325629731699004, "p2t_ovl": 0.6836976757801667}