{"p2i_kl": 0.03066668832498028, "p2i_ovl": 0.7037019567137034, "t2i_kl": 38.86184219112373, "t2i_ovl": 0.4501071017242101, "p2t_kl": 1.2650751875327, "p2t_ovl": 0.4498719378603507}