{"p2i_kl": 0.005676066558546838, "p2i_ovl": 0.9229982297258181, "t2i_kl": 0.005683626469350646, "t2i_ovl": 0.9275883737762755, "p2t_kl": 0.019221688533335494, "p2t_ovl": 0.9005081167738495}