{"p2i_kl": 0.10174640716595762, "p2i_ovl": 0.6924426486821159, "t2i_kl": 0.5103923523644922, "t2i_ovl": 0.8948104201550985, "p2t_kl": 1.588912718144341, "p2t_ovl": 0.7666699759909718}