{"p2i_kl": 0.07790030546918322, "p2i_ovl": 0.6235968369088264, "t2i_kl": 0.29797687586383015, "t2i_ovl": 0.5707796962823404, "p2t_kl": 0.7773997600048004, "p2t_ovl": 0.5185638906826918}