{"p2i_kl": 2.7307607593919196, "p2i_ovl": 0.11038676329462467, "t2i_kl": 2.041860906905711, "t2i_ovl": 0.1871448997519824, "p2t_kl": 0.08036085925151178, "p2t_ovl": 0.848914895339531}