{"p2i_kl": 0.2890375682428685, "p2i_ovl": 0.4259975956629075, "t2i_kl": 0.06263694086235307, "t2i_ovl": 0.6505910556380812, "p2t_kl": 0.11771942167033819, "p2t_ovl": 0.7563879555689464}