{"p2i_kl": 0.6578690292801034, "p2i_ovl": 0.5827913834491182, "t2i_kl": 0.4979356436786187, "t2i_ovl": 0.8011346919036266, "p2t_kl": 0.13473560743223528, "p2t_ovl": 0.4327323921878254}