{"p2i_kl": 0.06063483328717815, "p2i_ovl": 0.8054479913679978, "t2i_kl": 0.11462426519075078, "t2i_ovl": 0.6242288200283062, "p2t_kl": 0.13824687686115578, "p2t_ovl": 0.659456395351194}