{"p2i_kl": 0.008678796227953542, "p2i_ovl": 0.9028795314824336, "t2i_kl": 0.011297079425701906, "t2i_ovl": 0.9289995913942253, "p2t_kl": 0.031537685090473076, "p2t_ovl": 0.8781994410788329}