{"p2i_kl": 0.048712690066202054, "p2i_ovl": 0.8512478413664074, "t2i_kl": 0.6014047294938987, "t2i_ovl": 0.9322188891288956, "p2t_kl": 0.8994368397592736, "p2t_ovl": 0.8898271005907908}