{"p2i_kl": 0.05857558365303255, "p2i_ovl": 0.8285688489452496, "t2i_kl": 0.004992101847349616, "t2i_ovl": 0.836164740156919, "p2t_kl": 0.08600597793986162, "p2t_ovl": 0.9359616791891406}