{"p2i_kl": 0.4625386233750635, "p2i_ovl": 0.4955613305238303, "t2i_kl": 0.17023267027688951, "t2i_ovl": 0.5696732713891126, "p2t_kl": 0.2573126608277197, "p2t_ovl": 0.7739492756861207}