{"p2i_kl": 0.004476974692517835, "p2i_ovl": 0.8642029722972188, "t2i_kl": 0.005088509142309015, "t2i_ovl": 0.9367975591994182, "p2t_kl": 0.007691403595595558, "p2t_ovl": 0.8521491948026841}