{"p2i_kl": 0.01161924135506381, "p2i_ovl": 0.9183655811776261, "t2i_kl": 0.014337699457008923, "t2i_ovl": 0.9021274212381056, "p2t_kl": 0.033853174613167863, "p2t_ovl": 0.8903206214124452}