{"p2i_kl": 0.022742656566204333, "p2i_ovl": 0.60526195032018, "t2i_kl": 0.1709866083568421, "t2i_ovl": 0.6028587914395904, "p2t_kl": 0.2234184658681258, "p2t_ovl": 0.5656631797721093}