{"p2i_kl": 0.12890056999159386, "p2i_ovl": 0.7087917727360489, "t2i_kl": 0.19252285744398334, "t2i_ovl": 0.9160965670391195, "p2t_kl": 0.9684303275852006, "p2t_ovl": 0.7571800909474579}