{"p2i_kl": 0.3302740127020339, "p2i_ovl": 0.42452875567475407, "t2i_kl": 0.15155873575845835, "t2i_ovl": 0.5182410813487979, "p2t_kl": 0.07616315325467116, "p2t_ovl": 0.8532039120220339}