{"p2i_kl": 3.58784075735884, "p2i_ovl": 0.08586126454033874, "t2i_kl": 2.042040212004607, "t2i_ovl": 0.13460111743992223, "p2t_kl": 0.3834603330176876, "p2t_ovl": 0.6742170746636331}