{"p2i_kl": 0.2367159332329955, "p2i_ovl": 0.6975215899314172, "t2i_kl": 0.44984486098709653, "t2i_ovl": 0.8011130549195726, "p2t_kl": 0.16119662659434603, "p2t_ovl": 0.5277141461872523}