{"p2i_kl": 0.06090827104318049, "p2i_ovl": 0.8038482823989422, "t2i_kl": 0.0597506050623767, "t2i_ovl": 0.6223495867098928, "p2t_kl": 0.06939243808412021, "p2t_ovl": 0.7225494252521075}