{"p2i_kl": 0.011281742858348813, "p2i_ovl": 0.9312242075221437, "t2i_kl": 0.0018119040710442725, "t2i_ovl": 0.9401015900848637, "p2t_kl": 0.009649536965626152, "p2t_ovl": 0.9236444142357767}