{"p2i_kl": 0.10142447190230129, "p2i_ovl": 0.7809659791357981, "t2i_kl": 0.26683641741221265, "t2i_ovl": 0.8447419499763008, "p2t_kl": 0.8435204854681189, "p2t_ovl": 0.6343095846139204}