{"p2i_kl": 0.09923675295817927, "p2i_ovl": 0.7666442686320138, "t2i_kl": 0.005349102548064174, "t2i_ovl": 0.8130471787486565, "p2t_kl": 0.07381133342739915, "p2t_ovl": 0.9093018572649869}