{"p2i_kl": 0.3996294030541325, "p2i_ovl": 0.5304758279202623, "t2i_kl": 0.2831727720233766, "t2i_ovl": 0.6224951723791806, "p2t_kl": 0.3249560405276991, "p2t_ovl": 0.7990278457361156}