{"p2i_kl": 0.017032158816823885, "p2i_ovl": 0.7619804964882718, "t2i_kl": 0.0035542381655373845, "t2i_ovl": 0.8698542651177851, "p2t_kl": 0.026793185290218513, "p2t_ovl": 0.6720338498957356}