{"p2i_kl": 0.03486387230691583, "p2i_ovl": 0.7132922664507731, "t2i_kl": 0.2648751144650169, "t2i_ovl": 0.9335105880685506, "p2t_kl": 0.7922427676477422, "p2t_ovl": 0.7448636127792443}