{"p2i_kl": 0.03755014553977891, "p2i_ovl": 0.6166437785495072, "t2i_kl": 0.11079923882240819, "t2i_ovl": 0.6047741929222633, "p2t_kl": 0.09272481555712789, "p2t_ovl": 0.5702002641233548}