{"p2i_kl": 0.009850714865590988, "p2i_ovl": 0.9027849981972975, "t2i_kl": 0.007197620433178536, "t2i_ovl": 0.8963676065076405, "p2t_kl": 0.02308156947889798, "p2t_ovl": 0.8648653574642935}