{"p2i_kl": 5.9648802258218065, "p2i_ovl": 0.041894850523292504, "t2i_kl": 3.08657957542853, "t2i_ovl": 0.10547057520297501, "p2t_kl": 0.8979477359423995, "p2t_ovl": 0.4822380095707944}