{"p2i_kl": 0.707842698049935, "p2i_ovl": 0.41011862967719664, "t2i_kl": 0.11955331577872727, "t2i_ovl": 0.4871180901246687, "p2t_kl": 0.31115002877231696, "p2t_ovl": 0.8226151850260547}