{"p2i_kl": 0.041018490127848035, "p2i_ovl": 0.8120914700682403, "t2i_kl": 0.07173376430699129, "t2i_ovl": 0.6442207193489599, "p2t_kl": 0.10337816903235143, "p2t_ovl": 0.7695723663834778}