{"p2i_kl": 0.3479514684172998, "p2i_ovl": 0.6367697872021684, "t2i_kl": 0.550691336726411, "t2i_ovl": 0.7846397979769502, "p2t_kl": 0.3201287865575081, "p2t_ovl": 0.46837977967988986}