{"p2i_kl": 0.07317043011866337, "p2i_ovl": 0.7693631766400243, "t2i_kl": 0.23995871442863803, "t2i_ovl": 0.8536036050742288, "p2t_kl": 0.7113954309910488, "p2t_ovl": 0.628395167920565}