{"p2i_kl": 0.004314612963287796, "p2i_ovl": 0.9208725094573279, "t2i_kl": 0.006033057382761177, "t2i_ovl": 0.9252058602447613, "p2t_kl": 0.014316940015081615, "p2t_ovl": 0.8972495757754775}