{"p2i_kl": 0.07610481125516888, "p2i_ovl": 0.7400092457810767, "t2i_kl": 0.01475715539203136, "t2i_ovl": 0.8047734082235408, "p2t_kl": 0.02682452830367981, "p2t_ovl": 0.8978244771687887}