{"p2i_kl": 0.00581922660957449, "p2i_ovl": 0.8477203116467117, "t2i_kl": 0.045636407055451564, "t2i_ovl": 0.5525446979643147, "p2t_kl": 0.0345860934004822, "p2t_ovl": 0.6352448620800002}