{"p2i_kl": 1.1172641644728396, "p2i_ovl": 0.2754966602677081, "t2i_kl": 0.6945148111069394, "t2i_ovl": 0.3341549689681418, "p2t_kl": 0.1490792507401737, "p2t_ovl": 0.7709868461151603}