{"p2i_kl": 0.11260451963976711, "p2i_ovl": 0.39213473527274123, "t2i_kl": 0.6034574330024669, "t2i_ovl": 0.6593284657554338, "p2t_kl": 0.4598024734567106, "p2t_ovl": 0.35486156782846834}