{"p2i_kl": 0.05410056325968243, "p2i_ovl": 0.8091773143887157, "t2i_kl": 1.602301583669941, "t2i_ovl": 0.8105318137525596, "p2t_kl": 0.6231266876311239, "p2t_ovl": 0.8627597742987912}