{"p2i_kl": 0.9414951678202019, "p2i_ovl": 0.31853792560783833, "t2i_kl": 0.1826422990298539, "t2i_ovl": 0.5463907905957641, "p2t_kl": 0.4507030005756064, "p2t_ovl": 0.6906061793664418}