{"p2i_kl": 1.8830663992278018, "p2i_ovl": 0.21551574682783883, "t2i_kl": 0.6829787170419068, "t2i_ovl": 0.34101317230012107, "p2t_kl": 0.3426789532741603, "p2t_ovl": 0.6219534033829437}