{"p2i_kl": 0.055537090640920134, "p2i_ovl": 0.717034828524909, "t2i_kl": 0.041501767744755225, "t2i_ovl": 0.7399832686258218, "p2t_kl": 0.05158281323585315, "p2t_ovl": 0.8175555226591769}