{"p2i_kl": 0.19629972863038234, "p2i_ovl": 0.5460969227526373, "t2i_kl": 1.000777495467968, "t2i_ovl": 0.929073467106163, "p2t_kl": 2.383820581046425, "p2t_ovl": 0.5573467523807982}