{"p2i_kl": 0.6541758471727168, "p2i_ovl": 0.4610644431273603, "t2i_kl": 0.057808736496948315, "t2i_ovl": 0.8558760869216984, "p2t_kl": 0.9366563817217677, "p2t_ovl": 0.5521877210869225}