{"p2i_kl": 0.054505779795173175, "p2i_ovl": 0.8324203406253315, "t2i_kl": 0.3164816207177177, "t2i_ovl": 0.892649245630169, "p2t_kl": 0.3162417537691762, "p2t_ovl": 0.8250510343776735}