{"p2i_kl": 0.04045922263374467, "p2i_ovl": 0.8545046608221067, "t2i_kl": 0.0455054190632295, "t2i_ovl": 0.8430798821755034, "p2t_kl": 0.006817634058705389, "p2t_ovl": 0.8902984833821528}