{"p2i_kl": 0.10937507870809486, "p2i_ovl": 0.7125656185427357, "t2i_kl": 0.160670477736389, "t2i_ovl": 0.4953546810336391, "p2t_kl": 0.09661231008590536, "p2t_ovl": 0.7223621914003244}