{"p2i_kl": 0.8130336711395608, "p2i_ovl": 0.38738376776756445, "t2i_kl": 0.6087182694311171, "t2i_ovl": 0.32389900841632524, "p2t_kl": 0.0426938149091593, "p2t_ovl": 0.7994638837928145}