{"p2i_kl": 0.06825502807590302, "p2i_ovl": 0.7783916909015236, "t2i_kl": 1.5941144149698658, "t2i_ovl": 0.8381626590197094, "p2t_kl": 0.7306314084964133, "p2t_ovl": 0.8777164628552481}