{"p2i_kl": 0.37581211123355474, "p2i_ovl": 0.4410132923887576, "t2i_kl": 1.1418462041502297, "t2i_ovl": 0.6615041826064098, "p2t_kl": 0.9139681243126464, "p2t_ovl": 0.4198601646458406}