{"p2i_kl": 0.8282974021881504, "p2i_ovl": 0.3582610736081111, "t2i_kl": 0.19195875835454212, "t2i_ovl": 0.600816226655113, "p2t_kl": 0.5028329291179803, "p2t_ovl": 0.7125534262338693}