{"p2i_kl": 2.799118401288676, "p2i_ovl": 0.22728671356968488, "t2i_kl": 1.4373247912194675, "t2i_ovl": 0.36505602158137457, "p2t_kl": 0.13743081364869067, "p2t_ovl": 0.7333795359446618}