{"p2i_kl": 0.05213903716472816, "p2i_ovl": 0.7060117473426365, "t2i_kl": 0.03320193523224839, "t2i_ovl": 0.6586795479201752, "p2t_kl": 0.07063610386578739, "p2t_ovl": 0.8278938031926041}