{"p2i_kl": 0.04867261708209935, "p2i_ovl": 0.6331671762776627, "t2i_kl": 0.33537245960109713, "t2i_ovl": 0.9193769311483254, "p2t_kl": 0.4480474270538717, "p2t_ovl": 0.610269378688184}