{"p2i_kl": 0.04702821318555185, "p2i_ovl": 0.8541369454730315, "t2i_kl": 0.3879300031527839, "t2i_ovl": 0.8910286959265843, "p2t_kl": 0.4067307262783533, "p2t_ovl": 0.7891924365969554}