{"p2i_kl": 0.28268384713997186, "p2i_ovl": 0.6578545829709194, "t2i_kl": 0.19990331580407866, "t2i_ovl": 0.9064565350887109, "p2t_kl": 0.6590094031535657, "p2t_ovl": 0.7187265455811057}