{"p2i_kl": 0.010430195414191712, "p2i_ovl": 0.9141110244672626, "t2i_kl": 0.1571346846378549, "t2i_ovl": 0.7737257375359837, "p2t_kl": 0.10594181421692372, "p2t_ovl": 0.7872406847184048}