{"p2i_kl": 0.1046264010384282, "p2i_ovl": 0.8053340271824131, "t2i_kl": 0.0053382425090795025, "t2i_ovl": 0.8731141092431084, "p2t_kl": 0.156027231622079, "p2t_ovl": 0.7180430383294975}