{"p2i_kl": 0.5857811802336064, "p2i_ovl": 0.4920431113808534, "t2i_kl": 0.23675025501492997, "t2i_ovl": 0.522506071055472, "p2t_kl": 0.2758465091991603, "p2t_ovl": 0.8093936909730166}