{"p2i_kl": 0.04925873937681667, "p2i_ovl": 0.6818775049934876, "t2i_kl": 0.24009056304361998, "t2i_ovl": 0.9157749888896823, "p2t_kl": 0.7923029470329622, "p2t_ovl": 0.7469620500311962}