{"p2i_kl": 0.0688204783899601, "p2i_ovl": 0.9161069796725188, "t2i_kl": 0.005453827760567045, "t2i_ovl": 0.9433892183229556, "p2t_kl": 0.05451184984991634, "p2t_ovl": 0.9011612793561846}