{"p2i_kl": 0.0882133463007852, "p2i_ovl": 0.6235046194936378, "t2i_kl": 0.18237209528614054, "t2i_ovl": 0.5893800158474012, "p2t_kl": 0.14210417464488387, "p2t_ovl": 0.5449359421588027}