{"p2i_kl": 0.2955426528647259, "p2i_ovl": 0.3646082227169497, "t2i_kl": 0.17461636610920772, "t2i_ovl": 0.5516273868320788, "p2t_kl": 0.0544035428032162, "p2t_ovl": 0.779288011554797}