{"p2i_kl": 2.913688446509535, "p2i_ovl": 0.06198041367677436, "t2i_kl": 1.7782809255816228, "t2i_ovl": 0.1385183302712075, "p2t_kl": 0.24222057172334743, "p2t_ovl": 0.6827771679764646}