{"p2i_kl": 0.0501269829411395, "p2i_ovl": 0.799166513654275, "t2i_kl": 0.12495210429982344, "t2i_ovl": 0.6736468394766857, "p2t_kl": 0.23161850685433943, "p2t_ovl": 0.7193070418570923}