{"p2i_kl": 0.662583663604837, "p2i_ovl": 0.589809946113983, "t2i_kl": 0.5673562293668601, "t2i_ovl": 0.7582967049455366, "p2t_kl": 0.16825213323799101, "p2t_ovl": 0.40136360664804954}