{"p2i_kl": 0.027869330510627385, "p2i_ovl": 0.8554462231720329, "t2i_kl": 0.34214797239081074, "t2i_ovl": 0.8770888768504449, "p2t_kl": 0.5945586255670797, "p2t_ovl": 0.7384817382201245}