{"p2i_kl": 0.007177179775408639, "p2i_ovl": 0.7845032096110306, "t2i_kl": 0.0007279518888389982, "t2i_ovl": 0.8868124938816054, "p2t_kl": 0.008158413331443043, "p2t_ovl": 0.8610554797929758}