{"p2i_kl": 0.04926004398238039, "p2i_ovl": 0.9194235226528155, "t2i_kl": 0.00604346329598944, "t2i_ovl": 0.9320636588895787, "p2t_kl": 0.022071430266404346, "p2t_ovl": 0.9057281429132905}