{"p2i_kl": 0.10012398593457, "p2i_ovl": 0.702360368783038, "t2i_kl": 9.593130901407143, "t2i_ovl": 0.4911234711993168, "p2t_kl": 0.7931473718081877, "p2t_ovl": 0.4795549044967625}