{"p2i_kl": 0.025086007263090227, "p2i_ovl": 0.7730966134168281, "t2i_kl": 0.012327384061396055, "t2i_ovl": 0.8977837771966461, "p2t_kl": 0.04613827199519928, "p2t_ovl": 0.7117856581840991}