{"p2i_kl": 0.01486026506106351, "p2i_ovl": 0.9182684804734346, "t2i_kl": 0.020004759914607522, "t2i_ovl": 0.8921504955735097, "p2t_kl": 0.05216540379848367, "p2t_ovl": 0.857769049347577}