{"p2i_kl": 0.030610518219668717, "p2i_ovl": 0.6201797879046522, "t2i_kl": 0.16055368823937388, "t2i_ovl": 0.5740414152009926, "p2t_kl": 0.3359942880533578, "p2t_ovl": 0.5308986622612499}