{"p2i_kl": 0.0370572209572477, "p2i_ovl": 0.7615840233211434, "t2i_kl": 0.2909418052492909, "t2i_ovl": 0.8783469968757868, "p2t_kl": 0.80164144313502, "p2t_ovl": 0.8126338760901961}