{"p2i_kl": 0.2757642926764139, "p2i_ovl": 0.5020064928108056, "t2i_kl": 0.11886961153582536, "t2i_ovl": 0.5727464333474228, "p2t_kl": 0.09226731979904412, "p2t_ovl": 0.8822055511764824}