{"p2i_kl": 2.4517339141675203, "p2i_ovl": 0.11461612793714424, "t2i_kl": 2.178734644014541, "t2i_ovl": 0.15608976322084914, "p2t_kl": 0.1426488391534765, "p2t_ovl": 0.7970321056904768}