{"p2i_kl": 0.04702544118375075, "p2i_ovl": 0.7922285447551829, "t2i_kl": 0.07654450462329516, "t2i_ovl": 0.6702051801724308, "p2t_kl": 0.10070853916736225, "p2t_ovl": 0.7742801332947573}