{"p2i_kl": 1.2348387681809534, "p2i_ovl": 0.6950304028088179, "t2i_kl": 0.5593550601233973, "t2i_ovl": 0.7933401649604532, "p2t_kl": 0.43517754568690886, "p2t_ovl": 0.5038396161671809}