{"p2i_kl": 0.009682381407517657, "p2i_ovl": 0.9336145636904226, "t2i_kl": 0.005198922653877908, "t2i_ovl": 0.9380681431648831, "p2t_kl": 0.00806437945741564, "p2t_ovl": 0.9178834377743702}