{"p2i_kl": 0.03634053949880412, "p2i_ovl": 0.7937425743977823, "t2i_kl": 0.006831675088289941, "t2i_ovl": 0.7969234634194706, "p2t_kl": 0.012687110208060775, "p2t_ovl": 0.9283556255455191}