{"p2i_kl": 0.14520044724221196, "p2i_ovl": 0.8511248629336379, "t2i_kl": 0.48165126999836866, "t2i_ovl": 0.8809976457665536, "p2t_kl": 1.3980536495078504, "p2t_ovl": 0.7347045876336493}