{"p2i_kl": 0.006001072076958585, "p2i_ovl": 0.8648695644087813, "t2i_kl": 0.03051111342065635, "t2i_ovl": 0.6572184058734929, "p2t_kl": 0.015579893462402045, "p2t_ovl": 0.7594023502682571}