{"p2i_kl": 0.5999852523598561, "p2i_ovl": 0.4526379738025628, "t2i_kl": 0.4873820424326146, "t2i_ovl": 0.33068512818654194, "p2t_kl": 0.07125861778761255, "p2t_ovl": 0.7102401087550904}