{"p2i_kl": 0.02364931684526136, "p2i_ovl": 0.8280472751555874, "t2i_kl": 0.25305952609158167, "t2i_ovl": 0.8518644380934897, "p2t_kl": 0.20191658737136492, "p2t_ovl": 0.8950892971752151}