{"p2i_kl": 0.04706201132199481, "p2i_ovl": 0.4118238007596161, "t2i_kl": 0.3785138670222423, "t2i_ovl": 0.652054285515875, "p2t_kl": 0.3592702038841253, "p2t_ovl": 0.3760708450988559}