{"p2i_kl": 0.5445891919287466, "p2i_ovl": 0.3769410649789042, "t2i_kl": 0.16954238289741724, "t2i_ovl": 0.6164906983385415, "p2t_kl": 0.11492344972063756, "p2t_ovl": 0.7364246068208089}