{"p2i_kl": 2.2725687364881137, "p2i_ovl": 0.2703608917376172, "t2i_kl": 1.4438744922048694, "t2i_ovl": 0.3707805640969641, "p2t_kl": 0.05881320074506058, "p2t_ovl": 0.8043638612869932}