{"p2i_kl": 0.07998768956551856, "p2i_ovl": 0.6146926038880908, "t2i_kl": 0.27438912989117764, "t2i_ovl": 0.9228896614565281, "p2t_kl": 1.000674054358015, "p2t_ovl": 0.5719837205707626}