{"p2i_kl": 0.07228466140110841, "p2i_ovl": 0.6755425282683266, "t2i_kl": 0.1027109246639815, "t2i_ovl": 0.6678575005814742, "p2t_kl": 0.22946047128032027, "p2t_ovl": 0.8347556060768746}