{"p2i_kl": 0.025965643507197073, "p2i_ovl": 0.8469323602606914, "t2i_kl": 0.03457984921040274, "t2i_ovl": 0.7698789989316843, "p2t_kl": 0.02623804747329702, "p2t_ovl": 0.8633094112687455}