{"p2i_kl": 0.0039798237013376845, "p2i_ovl": 0.8895336638510772, "t2i_kl": 0.008440330421904967, "t2i_ovl": 0.905887732887124, "p2t_kl": 0.008692175364042072, "p2t_ovl": 0.8359079214657406}