{"p2i_kl": 0.2554427624539835, "p2i_ovl": 0.6389441195478405, "t2i_kl": 0.07381828291596507, "t2i_ovl": 0.9249814985123253, "p2t_kl": 0.4995169989740212, "p2t_ovl": 0.681379846131807}