{"p2i_kl": 0.05725154433276236, "p2i_ovl": 0.7804022303972221, "t2i_kl": 0.014373087426116564, "t2i_ovl": 0.9332369871277908, "p2t_kl": 0.1093617837192804, "p2t_ovl": 0.7553256597895108}