{"p2i_kl": 0.4696793529834482, "p2i_ovl": 0.49954862679930534, "t2i_kl": 0.25766519901939344, "t2i_ovl": 0.5920443683528971, "p2t_kl": 0.34655308560011305, "p2t_ovl": 0.7778398199143038}