{"p2i_kl": 0.39205565868778486, "p2i_ovl": 0.496697798178603, "t2i_kl": 0.07181468575848066, "t2i_ovl": 0.5514593157041479, "p2t_kl": 0.33223935157344403, "p2t_ovl": 0.4298898024409441}