{"p2i_kl": 0.012975214718968037, "p2i_ovl": 0.9089983172453935, "t2i_kl": 0.011087714046615613, "t2i_ovl": 0.8644484243557138, "p2t_kl": 0.024742318905455377, "p2t_ovl": 0.8383969274636731}