{"p2i_kl": 4.750232876594393, "p2i_ovl": 0.09348467950456886, "t2i_kl": 3.126258579778006, "t2i_ovl": 0.1403060182806926, "p2t_kl": 0.4219641713657828, "p2t_ovl": 0.6651917830988989}