{"p2i_kl": 0.5654499125917466, "p2i_ovl": 0.4617974473185414, "t2i_kl": 0.15472866656681528, "t2i_ovl": 0.498935832084276, "p2t_kl": 0.18936941409030975, "p2t_ovl": 0.878670941800464}