{"p2i_kl": 0.2736219599966607, "p2i_ovl": 0.7432531640027564, "t2i_kl": 0.3145057633115183, "t2i_ovl": 0.8635902282719609, "p2t_kl": 0.12744725077237287, "p2t_ovl": 0.6222477196617677}