{"p2i_kl": 0.029069705414677176, "p2i_ovl": 0.843478548569862, "t2i_kl": 0.1018591186909191, "t2i_ovl": 0.6574108826560812, "p2t_kl": 0.11515831203398927, "p2t_ovl": 0.6725572100151636}