{"p2i_kl": 0.0025171598025322244, "p2i_ovl": 0.8551067932330066, "t2i_kl": 0.00380931269227024, "t2i_ovl": 0.8180142956017614, "p2t_kl": 0.005693269523912196, "p2t_ovl": 0.9173806702026894}