{"p2i_kl": 0.003739971896926192, "p2i_ovl": 0.774997596434525, "t2i_kl": 0.06237644078297651, "t2i_ovl": 0.9434388786175963, "p2t_kl": 0.07635696113562623, "p2t_ovl": 0.7409432432204257}