{
    "no_cond": {
        "pitch": 0.2669623170253954,
        "duration": 0.8741042648932896
    },
    "inter_cond": {
        "pitch": 0.2685597316800354,
        "duration": 0.7169827360792914
    },
    "barpos_cond": {
        "pitch": 0.2429666258729313,
        "duration": 0.7625748818114592
    },
    "chord_cond": {
        "pitch": 0.29701735833164084,
        "duration": 0.7816805138669903
    },
    "nxt_chord_cond": {
        "pitch": 0.3108366102714442,
        "duration": 0.7960613509425936
    },
    "chord_nxtchord_cond": {
        "pitch": 0.3257283592706988,
        "duration": 0.7786880100293969
    },
    "chord_inter_cond": {
        "pitch": 0.27831039572519517,
        "duration": 0.6853453853590703
    },
    "chord_nxtchord_inter_cond": {
        "pitch": 0.32646854175007867,
        "duration": 0.6838704872832941
    },
    "chord_barpos_cond": {
        "pitch": 0.28948941396358197,
        "duration": 0.7841349856119713
    },
    "chord_nxtchord_barpos_cond": {
        "pitch": 0.3345307776093373,
        "duration": 0.7938512353590246
    },
    "inter_barpos_cond": {
        "pitch": 0.25294093790000444,
        "duration": 0.6889394432181453
    },
    "chord_inter_barpos_cond": {
        "pitch": 0.2828707016679964,
        "duration": 0.6938188592952719
    },
    "chord_nxtchord_inter_barpos_cond": {
        "pitch": 0.31688194412247656,
        "duration": 0.6876710710461286
    }
}