{"p2i_kl": 0.0490016562033629, "p2i_ovl": 0.6804122182442537, "t2i_kl": 32.506247682137605, "t2i_ovl": 0.4632793381801975, "p2t_kl": 1.1368201766024224, "p2t_ovl": 0.4396690143693602}