{"p2i_kl": 0.002785919446389911, "p2i_ovl": 0.8422410758181667, "t2i_kl": 0.013497526977244184, "t2i_ovl": 0.9328882242957318, "p2t_kl": 0.014490188957750682, "p2t_ovl": 0.8216056200380671}