{"p2i_kl": 0.028117916468111664, "p2i_ovl": 0.6336112046105681, "t2i_kl": 0.260835914639192, "t2i_ovl": 0.5730055382823861, "p2t_kl": 0.5720309187980369, "p2t_ovl": 0.5265391632841863}