{"p2i_kl": 0.07149713375546052, "p2i_ovl": 0.7372844276397412, "t2i_kl": 0.34095419450255127, "t2i_ovl": 0.8932395007628645, "p2t_kl": 1.192471933066963, "p2t_ovl": 0.8051623275333439}