{"p2i_kl": 0.018544984569211026, "p2i_ovl": 0.9006654246780983, "t2i_kl": 0.005173793173033002, "t2i_ovl": 0.9299757195743725, "p2t_kl": 0.033751912094731114, "p2t_ovl": 0.8806259949460182}