{"p2i_kl": 2.4085481480516306, "p2i_ovl": 0.1570036689666272, "t2i_kl": 1.8244920357330234, "t2i_ovl": 0.15613625032738476, "p2t_kl": 0.26805936479299397, "p2t_ovl": 0.7330226974699632}