{"p2i_kl": 0.41212094921797815, "p2i_ovl": 0.4325019618474881, "t2i_kl": 0.0984154217399964, "t2i_ovl": 0.593959103591159, "p2t_kl": 0.17977134030614178, "p2t_ovl": 0.8085944400160445}