{"p2i_kl": 0.023532532163267735, "p2i_ovl": 0.8665341583776123, "t2i_kl": 0.07199251521685712, "t2i_ovl": 0.6232451116162361, "p2t_kl": 0.0770692810382228, "p2t_ovl": 0.6411206525533923}