{"p2i_kl": 0.8823959219048112, "p2i_ovl": 0.5780607523056303, "t2i_kl": 0.6030576986864211, "t2i_ovl": 0.7518297444772813, "p2t_kl": 0.21294666759235004, "p2t_ovl": 0.39907980749396477}