{"p2i_kl": 0.007400402591632969, "p2i_ovl": 0.9206979553476128, "t2i_kl": 0.0073884890798890344, "t2i_ovl": 0.9401381051401624, "p2t_kl": 0.00507245795101252, "p2t_ovl": 0.9167523569272523}