{"p2i_kl": 0.07229217746776748, "p2i_ovl": 0.8599762731784486, "t2i_kl": 0.5988326169429267, "t2i_ovl": 0.9090956829477346, "p2t_kl": 1.221715117357922, "p2t_ovl": 0.7742790439425528}