{"p2i_kl": 0.04347618080426371, "p2i_ovl": 0.8406773525881822, "t2i_kl": 0.003420853027304169, "t2i_ovl": 0.8138329754118789, "p2t_kl": 0.0373524912325253, "p2t_ovl": 0.9282475799069149}