{"p2i_kl": 0.012130333844670126, "p2i_ovl": 0.850185814784639, "t2i_kl": 0.07746928898181248, "t2i_ovl": 0.5184845392872626, "p2t_kl": 0.03857627369832056, "p2t_ovl": 0.6172013729674126}