{"p2i_kl": 0.9985792084512352, "p2i_ovl": 0.342956128661234, "t2i_kl": 0.5952346901526422, "t2i_ovl": 0.3351377970037403, "p2t_kl": 0.09467907598262239, "p2t_ovl": 0.771929028720965}