{"p2i_kl": 0.03936414613259381, "p2i_ovl": 0.8165875496133881, "t2i_kl": 1.2111045896819805, "t2i_ovl": 0.8148968974291777, "p2t_kl": 0.5609395108116566, "p2t_ovl": 0.8777221150296366}