{"p2i_kl": 0.18012585697153422, "p2i_ovl": 0.45128870443955227, "t2i_kl": 0.3522330407340645, "t2i_ovl": 0.6316018092374457, "p2t_kl": 0.43313645912759935, "p2t_ovl": 0.38547641187566223}