{"p2i_kl": 0.6885742724077675, "p2i_ovl": 0.3299959714541276, "t2i_kl": 0.1572732832474358, "t2i_ovl": 0.5591802795801751, "p2t_kl": 0.3254330695051249, "p2t_ovl": 0.7168721867944251}