{"p2i_kl": 2.337493257485452, "p2i_ovl": 0.18673042680198076, "t2i_kl": 0.9559670272050822, "t2i_ovl": 0.3572175153099667, "p2t_kl": 0.2272494412468871, "p2t_ovl": 0.6859425144343555}