{"p2i_kl": 0.026366446263844674, "p2i_ovl": 0.7289675289988601, "t2i_kl": 0.43597254636527266, "t2i_ovl": 0.9411566168430685, "p2t_kl": 0.6223393783025559, "p2t_ovl": 0.7637434825468421}