{"p2i_kl": 0.07333906096949039, "p2i_ovl": 0.7041955829768733, "t2i_kl": 0.023389381170093225, "t2i_ovl": 0.8144523206869565, "p2t_kl": 0.08920407395356202, "p2t_ovl": 0.7832503418917938}