{"p2i_kl": 0.047613843754479315, "p2i_ovl": 0.8488141628504625, "t2i_kl": 0.2474760788960597, "t2i_ovl": 0.9060789508729048, "p2t_kl": 0.2520886339995779, "p2t_ovl": 0.8317984716916429}