{"p2i_kl": 0.2713889130970333, "p2i_ovl": 0.6689272211477771, "t2i_kl": 0.12196151445249026, "t2i_ovl": 0.8752218977949026, "p2t_kl": 0.5793757002040314, "p2t_ovl": 0.7443168673578643}