{"p2i_kl": 0.05587917705768453, "p2i_ovl": 0.9029289318621605, "t2i_kl": 0.05667045221855441, "t2i_ovl": 0.8954114941940169, "p2t_kl": 0.0014565565027153293, "p2t_ovl": 0.9188448399229989}