{"p2i_kl": 0.4558160569231017, "p2i_ovl": 0.529440570943767, "t2i_kl": 0.18643358282984973, "t2i_ovl": 0.5930774108480079, "p2t_kl": 0.2325727487883319, "p2t_ovl": 0.8108227873757411}