{"p2i_kl": 0.0032554786913746928, "p2i_ovl": 0.8386383316492994, "t2i_kl": 0.017550501409164383, "t2i_ovl": 0.9263621053091817, "p2t_kl": 0.034194250421627326, "p2t_ovl": 0.8085197177307547}