{"p2i_kl": 0.016439009536556852, "p2i_ovl": 0.5922360368180444, "t2i_kl": 0.044544198245014426, "t2i_ovl": 0.5859159892552933, "p2t_kl": 0.06131413342336591, "p2t_ovl": 0.5396447245929822}