{"p2i_kl": 0.008825879040437773, "p2i_ovl": 0.9180515038683451, "t2i_kl": 0.009965377082825123, "t2i_ovl": 0.910645467221786, "p2t_kl": 0.029277261754980424, "p2t_ovl": 0.8899900762125862}