{"p2i_kl": 0.011474245994145826, "p2i_ovl": 0.7508497931082238, "t2i_kl": 0.40069054977189694, "t2i_ovl": 0.8690555752596371, "p2t_kl": 0.82781480319291, "p2t_ovl": 0.8359297125586902}