{"p2i_kl": 0.6049198020393054, "p2i_ovl": 0.415547042454851, "t2i_kl": 0.16340889958381935, "t2i_ovl": 0.5221875379680762, "p2t_kl": 0.18353805728715106, "p2t_ovl": 0.8467959392882698}