{"p2i_kl": 3.717237716746739, "p2i_ovl": 0.094316936558208, "t2i_kl": 3.203140877839988, "t2i_ovl": 0.1383510367882041, "p2t_kl": 0.32216110183243424, "p2t_ovl": 0.6943556187698775}