{"p2i_kl": 1.058087630701301, "p2i_ovl": 0.6997888568136752, "t2i_kl": 0.5795842266954194, "t2i_ovl": 0.8088718428884432, "p2t_kl": 0.3595019441978129, "p2t_ovl": 0.5107080945709829}