{"p2i_kl": 0.04830859147740668, "p2i_ovl": 0.7504279179643669, "t2i_kl": 0.07313311474883184, "t2i_ovl": 0.5279218932131292, "p2t_kl": 0.1585237256193115, "p2t_ovl": 0.6389191200901171}