{"p2i_kl": 0.014724556612451607, "p2i_ovl": 0.7097109748643854, "t2i_kl": 0.011561311668936754, "t2i_ovl": 0.7296446332688379, "p2t_kl": 0.0028242270300294844, "p2t_ovl": 0.9436660522026361}