{"p2i_kl": 0.004115241428533242, "p2i_ovl": 0.9349137836592347, "t2i_kl": 0.0018835113149853733, "t2i_ovl": 0.9382094361075585, "p2t_kl": 0.00946213680869374, "p2t_ovl": 0.9246900657934383}