{"p2i_kl": 0.04983796371616666, "p2i_ovl": 0.8024299643501697, "t2i_kl": 0.21148720007870925, "t2i_ovl": 0.9081285790387631, "p2t_kl": 0.5465190534490616, "p2t_ovl": 0.713008216377618}