{"p2i_kl": 0.00355556980818081, "p2i_ovl": 0.8815107080485719, "t2i_kl": 0.04044044097135771, "t2i_ovl": 0.5998528744563117, "p2t_kl": 0.03890114518054174, "p2t_ovl": 0.6562712867140489}