{"p2i_kl": 0.5819287244026619, "p2i_ovl": 0.477910149817092, "t2i_kl": 0.4333618845427608, "t2i_ovl": 0.3335029068702205, "p2t_kl": 0.06283251557737907, "p2t_ovl": 0.7413253310530016}