{"p2i_kl": 0.036572184582864535, "p2i_ovl": 0.8147705739231079, "t2i_kl": 0.23776982295444474, "t2i_ovl": 0.8389473387866802, "p2t_kl": 0.19946177629306966, "p2t_ovl": 0.8951523378884764}