{"p2i_kl": 0.12117477516703476, "p2i_ovl": 0.4146474267439615, "t2i_kl": 0.5228507474095481, "t2i_ovl": 0.6401706893649451, "p2t_kl": 0.4482501682996123, "p2t_ovl": 0.38246742353665375}