{"p2i_kl": 2.6957469256867324, "p2i_ovl": 0.26296775880085027, "t2i_kl": 1.743451402770761, "t2i_ovl": 0.36952848536108945, "p2t_kl": 0.08110072468762897, "p2t_ovl": 0.7762043325923562}