{"p2i_kl": 0.38726122190592077, "p2i_ovl": 0.3843306793202088, "t2i_kl": 0.14439190069351693, "t2i_ovl": 0.6011167366010206, "p2t_kl": 0.07355619970120307, "p2t_ovl": 0.7633411352484389}