{"p2i_kl": 0.05037020875733139, "p2i_ovl": 0.7405228318530512, "t2i_kl": 0.026002214753437572, "t2i_ovl": 0.7876508649587409, "p2t_kl": 0.05658511812707147, "p2t_ovl": 0.795209969416506}