{"p2i_kl": 0.034445377802119, "p2i_ovl": 0.587783437507661, "t2i_kl": 0.18798568379226377, "t2i_ovl": 0.9356935299211248, "p2t_kl": 0.4540730734224181, "p2t_ovl": 0.5720674213516584}