{"p2i_kl": 0.02516723539856613, "p2i_ovl": 0.8487800557301629, "t2i_kl": 0.06414173242547397, "t2i_ovl": 0.8465167196042064, "p2t_kl": 0.07494356202900951, "p2t_ovl": 0.8725258304073795}