{"p2i_kl": 0.011132207205359079, "p2i_ovl": 0.8982679914819184, "t2i_kl": 0.0074104551478723895, "t2i_ovl": 0.9097940778267034, "p2t_kl": 0.017190013380611158, "p2t_ovl": 0.8442656755294204}