{"p2i_kl": 0.26661903021448824, "p2i_ovl": 0.5597337945750613, "t2i_kl": 0.06023674767081334, "t2i_ovl": 0.8784531737293214, "p2t_kl": 0.5313065169922765, "p2t_ovl": 0.6506580929329735}