{"p2i_kl": 0.5325963078895044, "p2i_ovl": 0.479767375072257, "t2i_kl": 0.5346995698533182, "t2i_ovl": 0.3221409052851304, "p2t_kl": 0.06224491157835859, "p2t_ovl": 0.6987738168542899}