{"p2i_kl": 0.009503442699908694, "p2i_ovl": 0.8595411486546315, "t2i_kl": 0.06447594576959872, "t2i_ovl": 0.5349318385720688, "p2t_kl": 0.03593779618479452, "p2t_ovl": 0.6221108683130472}