{"p2i_kl": 0.2017947587961779, "p2i_ovl": 0.4128911587464871, "t2i_kl": 0.9587867077687351, "t2i_ovl": 0.6330379404353602, "p2t_kl": 0.5993417694288857, "p2t_ovl": 0.3721261231867751}