{"p2i_kl": 0.03894910646099911, "p2i_ovl": 0.8113777069214362, "t2i_kl": 0.40833022514416667, "t2i_ovl": 0.8628963124992582, "p2t_kl": 0.2593373407276657, "p2t_ovl": 0.8819688609401269}