{"p2i_kl": 0.3838863417581763, "p2i_ovl": 0.35790608185374956, "t2i_kl": 0.16272748448337437, "t2i_ovl": 0.6543048426410133, "p2t_kl": 0.06879169763977272, "p2t_ovl": 0.6958970283907194}