{"p2i_kl": 1.6523972690170856, "p2i_ovl": 0.23093300341259224, "t2i_kl": 1.0992826507306208, "t2i_ovl": 0.3768770352674357, "p2t_kl": 0.06767386304291692, "p2t_ovl": 0.8204157087040262}