{"p2i_kl": 0.018501979225139558, "p2i_ovl": 0.8486891662047831, "t2i_kl": 0.20625735361412612, "t2i_ovl": 0.8294474881967461, "p2t_kl": 0.1739069169517316, "p2t_ovl": 0.8000625459103403}