{"p2i_kl": 0.02571576481389999, "p2i_ovl": 0.7135557518448761, "t2i_kl": 0.24414437890101945, "t2i_ovl": 0.9453616365672699, "p2t_kl": 0.22640826743675146, "p2t_ovl": 0.7340273798349274}