{"p2i_kl": 0.24248144222147433, "p2i_ovl": 0.6858913861302155, "t2i_kl": 0.013853290425728776, "t2i_ovl": 0.8803631334639336, "p2t_kl": 0.3034797585397104, "p2t_ovl": 0.7720016674192808}