{"p2i_kl": 0.021488781036672344, "p2i_ovl": 0.8664848905697289, "t2i_kl": 0.005477365124926132, "t2i_ovl": 0.9114519133150075, "p2t_kl": 0.03295081202077923, "p2t_ovl": 0.8130545164558736}