{"p2i_kl": 0.02524459890719889, "p2i_ovl": 0.8877811606685673, "t2i_kl": 0.13392392706482537, "t2i_ovl": 0.8845254662708656, "p2t_kl": 0.0942502184916541, "p2t_ovl": 0.8495409585200742}