{"p2i_kl": 0.1936886697058975, "p2i_ovl": 0.6411556629980351, "t2i_kl": 4.4500494585469825, "t2i_ovl": 0.5864841342482546, "p2t_kl": 0.5976218865752199, "p2t_ovl": 0.6837253892203699}