{"p2i_kl": 0.01611535626527785, "p2i_ovl": 0.8638626585211193, "t2i_kl": 0.005661804775926373, "t2i_ovl": 0.9279029511212946, "p2t_kl": 0.027487864383579565, "p2t_ovl": 0.8501486207214729}