{"p2i_kl": 0.008067238043771345, "p2i_ovl": 0.9146829927335818, "t2i_kl": 0.014418677941848222, "t2i_ovl": 0.8981541711396078, "p2t_kl": 0.022556171141136623, "p2t_ovl": 0.8642473198933298}