{"p2i_kl": 0.008472622637363491, "p2i_ovl": 0.7584665865946866, "t2i_kl": 0.5089833463420146, "t2i_ovl": 0.9475714480456134, "p2t_kl": 0.9822727572351966, "p2t_ovl": 0.7674542432925295}