{"p2i_kl": 0.19187632985935163, "p2i_ovl": 0.5914544639286028, "t2i_kl": 0.05066189620018007, "t2i_ovl": 0.5818375514958879, "p2t_kl": 0.2509591693743651, "p2t_ovl": 0.5181473653608766}