{"p2i_kl": 4.471293242021088, "p2i_ovl": 0.08775433864229608, "t2i_kl": 2.778310344062164, "t2i_ovl": 0.13388075728674176, "p2t_kl": 0.3808522397884001, "p2t_ovl": 0.6624471811474073}