{"p2i_kl": 0.6122337298531458, "p2i_ovl": 0.43363228124173325, "t2i_kl": 0.10323856949479937, "t2i_ovl": 0.5154758197052003, "p2t_kl": 0.37791317443494116, "p2t_ovl": 0.8149994648359536}