{"p2i_kl": 0.17700035954854243, "p2i_ovl": 0.7600302984128272, "t2i_kl": 0.35607145221316905, "t2i_ovl": 0.8529904405461144, "p2t_kl": 0.18818844051626063, "p2t_ovl": 0.6235653901138362}