{"p2i_kl": 0.02216288651757669, "p2i_ovl": 0.8422595397525113, "t2i_kl": 0.12157024664725882, "t2i_ovl": 0.7001685421762942, "p2t_kl": 0.12022013447095845, "p2t_ovl": 0.7290001236537259}