{"p2i_kl": 0.007922705719045194, "p2i_ovl": 0.8643646807418096, "t2i_kl": 0.049252456036718094, "t2i_ovl": 0.9539457817097674, "p2t_kl": 0.09215234242414361, "p2t_ovl": 0.8263657072342883}