{"p2i_kl": 0.0007230018395468951, "p2i_ovl": 0.8648389516281092, "t2i_kl": 0.010396011781969354, "t2i_ovl": 0.8544438467738553, "p2t_kl": 0.00915357372467666, "p2t_ovl": 0.9459531191572296}