{"p2i_kl": 0.00541000858358825, "p2i_ovl": 0.9279947377076893, "t2i_kl": 0.022284042954996697, "t2i_ovl": 0.9345223133234581, "p2t_kl": 0.03541720063877139, "p2t_ovl": 0.9142253506886152}