{"p2i_kl": 0.5207428280636504, "p2i_ovl": 0.4599764284925487, "t2i_kl": 0.2937743055768729, "t2i_ovl": 0.5971773128937297, "p2t_kl": 0.3505752001983985, "p2t_ovl": 0.7411237105804933}