{"p2i_kl": 0.0026009027994912063, "p2i_ovl": 0.7642509139245042, "t2i_kl": 0.03857370599773557, "t2i_ovl": 0.9365094241731652, "p2t_kl": 0.0319682986677253, "p2t_ovl": 0.7435158581660416}