{"p2i_kl": 0.0018190151121428334, "p2i_ovl": 0.7001392627511334, "t2i_kl": 0.3337914503127476, "t2i_ovl": 0.9100588716681357, "p2t_kl": 0.6138824418907434, "p2t_ovl": 0.7713761306720848}