{"p2i_kl": 0.11050221610690644, "p2i_ovl": 0.5739498110923833, "t2i_kl": 0.05518097249597026, "t2i_ovl": 0.5927481610069205, "p2t_kl": 0.09025998591977889, "p2t_ovl": 0.536753734123188}