{"p2i_kl": 0.0076726020639786355, "p2i_ovl": 0.9286683313626691, "t2i_kl": 0.012702324825186545, "t2i_ovl": 0.8805052617988508, "p2t_kl": 0.013530621367926161, "p2t_ovl": 0.8753034749726604}