{"p2i_kl": 0.7460020731601942, "p2i_ovl": 0.35643175561263096, "t2i_kl": 0.2089642829088683, "t2i_ovl": 0.46004196321160007, "p2t_kl": 0.24331169711511447, "p2t_ovl": 0.7869119284712792}