{"p2i_kl": 5.483614939560291, "p2i_ovl": 0.05915333244189465, "t2i_kl": 2.720229106342894, "t2i_ovl": 0.10228427443819667, "p2t_kl": 0.8432289015548263, "p2t_ovl": 0.4975668947864484}