{"p2i_kl": 0.037693858527446195, "p2i_ovl": 0.798716062867375, "t2i_kl": 0.06342941558824766, "t2i_ovl": 0.615628013504186, "p2t_kl": 0.13411985387651076, "p2t_ovl": 0.6976407310649371}