{"p2i_kl": 0.7414941045372039, "p2i_ovl": 0.5837321883068559, "t2i_kl": 0.6802334363417397, "t2i_ovl": 0.7551916693019314, "p2t_kl": 0.18892266107310235, "p2t_ovl": 0.3960352733989944}