{"p2i_kl": 0.007030194751760848, "p2i_ovl": 0.9235901863438337, "t2i_kl": 0.01891924136404869, "t2i_ovl": 0.9278064929475098, "p2t_kl": 0.018685479159182256, "p2t_ovl": 0.898714732499634}