{"p2i_kl": 0.040546505532012805, "p2i_ovl": 0.7093910393782338, "t2i_kl": 0.237390867693917, "t2i_ovl": 0.8151223521234624, "p2t_kl": 0.40866646650372673, "p2t_ovl": 0.5382544911703139}