{"p2i_kl": 0.00537461269791033, "p2i_ovl": 0.7060579841208717, "t2i_kl": 0.004976928738591504, "t2i_ovl": 0.8091041946234481, "p2t_kl": 0.0023730917589133435, "p2t_ovl": 0.8563873689267102}