{"p2i_kl": 0.021829739748596748, "p2i_ovl": 0.8228019789289975, "t2i_kl": 0.05779981980002178, "t2i_ovl": 0.5703095539121616, "p2t_kl": 0.040689590083325566, "p2t_ovl": 0.6678936565819409}