{"p2i_kl": 0.7292406525886501, "p2i_ovl": 0.4259411744157921, "t2i_kl": 0.39211856185422905, "t2i_ovl": 0.36435351693285406, "p2t_kl": 0.20445975295030822, "p2t_ovl": 0.7237147247023544}