{"p2i_kl": 0.044234030221024734, "p2i_ovl": 0.8066871597436548, "t2i_kl": 0.18425716968106112, "t2i_ovl": 0.8046004118639134, "p2t_kl": 0.1614877985438246, "p2t_ovl": 0.8862873381580788}