{"p2i_kl": 0.12410754158992318, "p2i_ovl": 0.38704516944426864, "t2i_kl": 0.4795638919985976, "t2i_ovl": 0.6648841902466426, "p2t_kl": 0.5027788909714953, "p2t_ovl": 0.3597627345717322}