{"p2i_kl": 3.0631930504614697, "p2i_ovl": 0.2874224414226551, "t2i_kl": 1.6462136408742645, "t2i_ovl": 0.36249067372450794, "p2t_kl": 0.17127616277592883, "p2t_ovl": 0.7279150983826971}