{"p2i_kl": 0.8356562231006878, "p2i_ovl": 0.391683237292958, "t2i_kl": 0.2139221235384845, "t2i_ovl": 0.5616726515808763, "p2t_kl": 0.19767111775184293, "p2t_ovl": 0.7685201299774505}