{"p2i_kl": 0.08070077059056248, "p2i_ovl": 0.5668161068115776, "t2i_kl": 0.19255684446007676, "t2i_ovl": 0.9346928544566743, "p2t_kl": 0.42644777080432084, "p2t_ovl": 0.5915417262651737}