{"p2i_kl": 0.05865944259838708, "p2i_ovl": 0.6380558969437469, "t2i_kl": 0.06582274785844405, "t2i_ovl": 0.6571883591916275, "p2t_kl": 0.04869864416106173, "p2t_ovl": 0.8508063114153971}