{"p2i_kl": 0.6179460089777139, "p2i_ovl": 0.5022474114511831, "t2i_kl": 0.07648024106062881, "t2i_ovl": 0.8683496424939334, "p2t_kl": 0.925400180212416, "p2t_ovl": 0.5933277968628389}