{"p2i_kl": 0.08043115880350434, "p2i_ovl": 0.7489405133518935, "t2i_kl": 0.04259791542644361, "t2i_ovl": 0.826885711764737, "p2t_kl": 0.08250920648879013, "p2t_ovl": 0.8524963590752489}