{"p2i_kl": 0.007203245451108028, "p2i_ovl": 0.8940921704703648, "t2i_kl": 0.009997826152754671, "t2i_ovl": 0.9070596890563615, "p2t_kl": 0.017720906277981088, "p2t_ovl": 0.8592527435295144}