{"p2i_kl": 1.1983977056195823, "p2i_ovl": 0.28778513600181416, "t2i_kl": 0.5865658572305031, "t2i_ovl": 0.3520159346737666, "p2t_kl": 0.20610035588798134, "p2t_ovl": 0.7964928449615217}