{"p2i_kl": 0.007082306326356778, "p2i_ovl": 0.8515763944065455, "t2i_kl": 0.04570667419866305, "t2i_ovl": 0.5690479022597089, "p2t_kl": 0.024443125156565215, "p2t_ovl": 0.6661828209035981}