{"p2i_kl": 0.08323461648469203, "p2i_ovl": 0.3903379196015178, "t2i_kl": 0.4080739864751792, "t2i_ovl": 0.668660332491569, "p2t_kl": 0.3541878685314971, "p2t_ovl": 0.36232648120632205}