{"p2i_kl": 0.09408599255459299, "p2i_ovl": 0.7512991942193941, "t2i_kl": 0.939847748852707, "t2i_ovl": 0.7809104704662253, "p2t_kl": 0.609304171074496, "p2t_ovl": 0.8412573854575669}