{"p2i_kl": 0.7818630557027954, "p2i_ovl": 0.3105514498194104, "t2i_kl": 0.1669345445000376, "t2i_ovl": 0.5075380058068905, "p2t_kl": 0.24754707862213524, "p2t_ovl": 0.7024023827418552}