{"p2i_kl": 3.6816312852682156, "p2i_ovl": 0.20370077882434715, "t2i_kl": 1.327477247052105, "t2i_ovl": 0.32325038184414856, "p2t_kl": 0.4686996042420052, "p2t_ovl": 0.5795778932116186}