{"p2i_kl": 0.0902615092817053, "p2i_ovl": 0.6242778296275079, "t2i_kl": 0.06313761083180872, "t2i_ovl": 0.6344154846104882, "p2t_kl": 0.03367654415831258, "p2t_ovl": 0.8211484838321012}