{"p2i_kl": 0.2496211778458837, "p2i_ovl": 0.5020061820029519, "t2i_kl": 0.7629299468195807, "t2i_ovl": 0.9397934315200788, "p2t_kl": 2.450493887507005, "p2t_ovl": 0.5187637479948969}