{"p2i_kl": 0.03274164441713313, "p2i_ovl": 0.8249331102103026, "t2i_kl": 0.03587432833181834, "t2i_ovl": 0.7742137223697445, "p2t_kl": 0.01144904448639162, "p2t_ovl": 0.8786773630516802}