{"p2i_kl": 0.9184633267189812, "p2i_ovl": 0.3995021893573078, "t2i_kl": 0.06330106868083121, "t2i_ovl": 0.8673909774582755, "p2t_kl": 1.18477046841474, "p2t_ovl": 0.47856690698221155}