{"p2i_kl": 0.058989709785345, "p2i_ovl": 0.8151161154026981, "t2i_kl": 0.22804863491725008, "t2i_ovl": 0.8907472486190914, "p2t_kl": 0.26527100202679116, "p2t_ovl": 0.7880870738264908}