{"p2i_kl": 1.11817534503332, "p2i_ovl": 0.3022476917995407, "t2i_kl": 0.5069250183834028, "t2i_ovl": 0.36479691355039917, "p2t_kl": 0.2509460013452207, "p2t_ovl": 0.6948489135027307}