{"p2i_kl": 0.009110976851531422, "p2i_ovl": 0.8405580180443741, "t2i_kl": 0.078681733450923, "t2i_ovl": 0.5776995224602288, "p2t_kl": 0.06659377347157039, "p2t_ovl": 0.647629482692011}