{"p2i_kl": 0.07191990552648751, "p2i_ovl": 0.7819782530230552, "t2i_kl": 2.184215019961397, "t2i_ovl": 0.7910005266428267, "p2t_kl": 0.7172904529364852, "p2t_ovl": 0.8370750857432676}