{"p2i_kl": 0.135948809160239, "p2i_ovl": 0.41182611496596816, "t2i_kl": 0.49215368671196613, "t2i_ovl": 0.6769972915158169, "p2t_kl": 0.5123959507858077, "p2t_ovl": 0.3723990675468342}