{"p2i_kl": 1.0672438242471478, "p2i_ovl": 0.36516789458294385, "t2i_kl": 0.32629825297501475, "t2i_ovl": 0.5217397383346724, "p2t_kl": 0.6286181887886071, "p2t_ovl": 0.7335509763073567}