{"p2i_kl": 2.6712974177229882, "p2i_ovl": 0.25481420253024367, "t2i_kl": 1.1199653621476726, "t2i_ovl": 0.33828397642283997, "p2t_kl": 0.3037846325832205, "p2t_ovl": 0.6504023540250561}