{"p2i_kl": 0.09429625161545699, "p2i_ovl": 0.6569600652480406, "t2i_kl": 0.1261513260450981, "t2i_ovl": 0.6456317063207996, "p2t_kl": 0.0349629580031971, "p2t_ovl": 0.8584051328813644}