{"p2i_kl": 0.19655220807111107, "p2i_ovl": 0.5893054812578562, "t2i_kl": 1.0702416726611208, "t2i_ovl": 0.9348579181299734, "p2t_kl": 2.562583133854797, "p2t_ovl": 0.5947882435393488}