{"p2i_kl": 0.01879515064670363, "p2i_ovl": 0.8308753804524752, "t2i_kl": 0.03594927043145825, "t2i_ovl": 0.7800015049149632, "p2t_kl": 0.06342931343138897, "p2t_ovl": 0.8669332093092877}