{"p2i_kl": 0.046593862439433725, "p2i_ovl": 0.8281199668206859, "t2i_kl": 0.4888991185832943, "t2i_ovl": 0.9024788378587879, "p2t_kl": 0.3831882709069798, "p2t_ovl": 0.8061706415648767}