{"p2i_kl": 0.6113744728685201, "p2i_ovl": 0.5418223772841302, "t2i_kl": 0.06009132449389473, "t2i_ovl": 0.8934648449737672, "p2t_kl": 0.9645905744524383, "p2t_ovl": 0.5915649694547532}