{"p2i_kl": 0.7628212998792256, "p2i_ovl": 0.369004992312213, "t2i_kl": 0.5628034667153017, "t2i_ovl": 0.3344030847958928, "p2t_kl": 0.18073936480750466, "p2t_ovl": 0.7196766474720523}