{"p2i_kl": 0.013497334499196809, "p2i_ovl": 0.8246576564452472, "t2i_kl": 0.1302840882335528, "t2i_ovl": 0.5358931021466457, "p2t_kl": 0.07542793608860103, "p2t_ovl": 0.6667633014273497}