{"p2i_kl": 0.04717424367126123, "p2i_ovl": 0.8119475946985274, "t2i_kl": 0.47520654424329334, "t2i_ovl": 0.818190717132913, "p2t_kl": 0.376560875404924, "p2t_ovl": 0.8490142378200484}