{"p2i_kl": 0.11032196837796494, "p2i_ovl": 0.4219602500717314, "t2i_kl": 0.4374692094319009, "t2i_ovl": 0.6470700802642059, "p2t_kl": 0.3893755485528829, "p2t_ovl": 0.358312856957955}