{"p2i_kl": 0.5598081113632449, "p2i_ovl": 0.4052270268507129, "t2i_kl": 0.19911608395887995, "t2i_ovl": 0.568835204091352, "p2t_kl": 0.1004005774439925, "p2t_ovl": 0.7957513041577845}