{"p2i_kl": 2.2972397736519867, "p2i_ovl": 0.2976760735916408, "t2i_kl": 1.285955783001237, "t2i_ovl": 0.3509578026388239, "p2t_kl": 0.1318204347529088, "p2t_ovl": 0.7523206254306498}