{"p2i_kl": 0.03841874010031228, "p2i_ovl": 0.7440752947517029, "t2i_kl": 0.17102505314950067, "t2i_ovl": 0.9340435412787638, "p2t_kl": 0.5633418381102844, "p2t_ovl": 0.7798820697050816}