{"p2i_kl": 0.03539481955876572, "p2i_ovl": 0.7783559622223213, "t2i_kl": 0.021353930909374326, "t2i_ovl": 0.7814813125042698, "p2t_kl": 0.05045811273332084, "p2t_ovl": 0.8166511807540192}