{"p2i_kl": 0.04922285916594029, "p2i_ovl": 0.8356823572536853, "t2i_kl": 0.037228207220163526, "t2i_ovl": 0.9113141301536262, "p2t_kl": 0.08600532570028899, "p2t_ovl": 0.8343792929379045}