{"p2i_kl": 0.03375041941252861, "p2i_ovl": 0.896445449550817, "t2i_kl": 0.06072464836695523, "t2i_ovl": 0.8674270533068708, "p2t_kl": 0.03931798902268382, "p2t_ovl": 0.8969536793347908}