{"p2i_kl": 0.24070210460141292, "p2i_ovl": 0.6953532842702184, "t2i_kl": 0.011005841941332476, "t2i_ovl": 0.8717588907672077, "p2t_kl": 0.25477975457514146, "p2t_ovl": 0.7773290669472219}