{"p2i_kl": 0.2292407359663961, "p2i_ovl": 0.6314375355397523, "t2i_kl": 0.18599989831133157, "t2i_ovl": 0.5465050084654193, "p2t_kl": 0.13989224690095625, "p2t_ovl": 0.7936324464970774}