{"p2i_kl": 0.024407969358268625, "p2i_ovl": 0.7748178689610931, "t2i_kl": 0.4481156045371124, "t2i_ovl": 0.9139526110455067, "p2t_kl": 0.9842105762677696, "p2t_ovl": 0.8190427267426968}