{"p2i_kl": 0.23098800731782068, "p2i_ovl": 0.4506680974216515, "t2i_kl": 0.04901807543323439, "t2i_ovl": 0.6249237876466035, "p2t_kl": 0.16341170705937572, "p2t_ovl": 0.8205016399726595}