{"p2i_kl": 0.1886652149834308, "p2i_ovl": 0.7177709566189429, "t2i_kl": 0.6342633273671023, "t2i_ovl": 0.8544958622022713, "p2t_kl": 1.8809604492111103, "p2t_ovl": 0.5978943942859734}