{"p2i_kl": 0.10254961451335037, "p2i_ovl": 0.849583017024995, "t2i_kl": 0.06193004826028767, "t2i_ovl": 0.9523018228973705, "p2t_kl": 0.3657386417504492, "p2t_ovl": 0.8784508734893319}