{"p2i_kl": 0.005122772943998939, "p2i_ovl": 0.8084682180273222, "t2i_kl": 0.06939800478906898, "t2i_ovl": 0.9365826914098835, "p2t_kl": 0.13167478329087273, "p2t_ovl": 0.8113387039263139}