{"p2i_kl": 0.04605041605027325, "p2i_ovl": 0.5977805502334342, "t2i_kl": 0.08199769252062819, "t2i_ovl": 0.5957250446539615, "p2t_kl": 0.1589376454321598, "p2t_ovl": 0.5514916206051143}