{"p2i_kl": 0.007741165640120572, "p2i_ovl": 0.9318345316429999, "t2i_kl": 0.010412613993543214, "t2i_ovl": 0.9359594502581677, "p2t_kl": 0.0065128004304652026, "p2t_ovl": 0.9117341096034823}