{"p2i_kl": 2.1539705233454227, "p2i_ovl": 0.10783403910506668, "t2i_kl": 1.657683230285211, "t2i_ovl": 0.19595072270263686, "p2t_kl": 0.047774918643059765, "p2t_ovl": 0.868073956375238}