{"p2i_kl": 0.026615913112991333, "p2i_ovl": 0.8392704901432992, "t2i_kl": 0.10741971645486795, "t2i_ovl": 0.6619123647584321, "p2t_kl": 0.08795088944938638, "p2t_ovl": 0.7139120797741735}