{"p2i_kl": 0.005234533099743458, "p2i_ovl": 0.8377218152606039, "t2i_kl": 0.004059222176435466, "t2i_ovl": 0.7994393132143431, "p2t_kl": 0.0010853731644875153, "p2t_ovl": 0.9252505903836007}