{"p2i_kl": 0.004404349208745696, "p2i_ovl": 0.9270253418271776, "t2i_kl": 0.027292446608326616, "t2i_ovl": 0.9365371640493132, "p2t_kl": 0.030829826721711775, "p2t_ovl": 0.9112046661375859}